ID	A-coref	B-coref
0	TRUE	FALSE
0-control	FALSE	TRUE
0-swap-1	TRUE	FALSE
0-swap-2	TRUE	FALSE
2	FALSE	TRUE
2-control	FALSE	TRUE
2-swap-1	FALSE	TRUE
2-swap-2	FALSE	TRUE
3	FALSE	TRUE
3-control	FALSE	TRUE
3-swap-1	FALSE	TRUE
3-swap-2	FALSE	TRUE
6	FALSE	TRUE
6-control	FALSE	TRUE
6-swap-1	FALSE	TRUE
6-swap-2	FALSE	TRUE
7	FALSE	FALSE
7-control	FALSE	FALSE
7-swap-1	FALSE	FALSE
7-swap-2	FALSE	FALSE
12	TRUE	FALSE
12-control	TRUE	FALSE
12-swap-1	TRUE	FALSE
12-swap-2	TRUE	FALSE
13	TRUE	FALSE
13-control	TRUE	FALSE
13-swap-1	TRUE	FALSE
13-swap-2	TRUE	FALSE
14	TRUE	FALSE
14-control	TRUE	FALSE
14-swap-1	TRUE	FALSE
14-swap-2	TRUE	FALSE
21	FALSE	FALSE
21-control	FALSE	FALSE
21-swap-1	FALSE	FALSE
21-swap-2	FALSE	FALSE
25	TRUE	FALSE
25-control	TRUE	FALSE
25-swap-1	TRUE	FALSE
25-swap-2	TRUE	FALSE
28	TRUE	FALSE
28-control	TRUE	FALSE
28-swap-1	TRUE	FALSE
28-swap-2	TRUE	FALSE
31	FALSE	TRUE
31-control	FALSE	TRUE
31-swap-1	FALSE	TRUE
31-swap-2	FALSE	TRUE
33	TRUE	FALSE
33-control	TRUE	FALSE
33-swap-1	TRUE	FALSE
33-swap-2	TRUE	FALSE
34	FALSE	FALSE
34-control	FALSE	FALSE
34-swap-1	FALSE	FALSE
34-swap-2	FALSE	FALSE
35	FALSE	FALSE
35-control	FALSE	FALSE
35-swap-1	FALSE	FALSE
35-swap-2	FALSE	FALSE
36	FALSE	FALSE
36-control	FALSE	TRUE
36-swap-1	FALSE	TRUE
36-swap-2	FALSE	TRUE
40	FALSE	TRUE
40-control	FALSE	TRUE
40-swap-1	FALSE	TRUE
40-swap-2	FALSE	TRUE
41	FALSE	TRUE
41-control	FALSE	TRUE
41-swap-1	FALSE	TRUE
41-swap-2	FALSE	TRUE
44	TRUE	FALSE
44-control	TRUE	FALSE
44-swap-1	TRUE	FALSE
44-swap-2	TRUE	FALSE
45	FALSE	TRUE
45-control	FALSE	TRUE
45-swap-1	FALSE	TRUE
45-swap-2	FALSE	TRUE
48	TRUE	FALSE
48-control	TRUE	FALSE
48-swap-1	TRUE	FALSE
48-swap-2	TRUE	FALSE
49	TRUE	FALSE
49-control	TRUE	FALSE
49-swap-1	TRUE	FALSE
49-swap-2	TRUE	FALSE
51	TRUE	FALSE
51-control	TRUE	FALSE
51-swap-1	TRUE	FALSE
51-swap-2	TRUE	FALSE
58	TRUE	FALSE
58-control	TRUE	FALSE
58-swap-1	TRUE	FALSE
58-swap-2	TRUE	FALSE
62	TRUE	FALSE
62-control	TRUE	FALSE
62-swap-1	TRUE	FALSE
62-swap-2	TRUE	FALSE
64	FALSE	TRUE
64-control	FALSE	TRUE
64-swap-1	FALSE	TRUE
64-swap-2	FALSE	TRUE
65	FALSE	FALSE
65-control	FALSE	FALSE
65-swap-1	FALSE	FALSE
65-swap-2	FALSE	FALSE
68	FALSE	FALSE
68-control	FALSE	FALSE
68-swap-1	FALSE	FALSE
68-swap-2	FALSE	FALSE
83	FALSE	TRUE
83-control	FALSE	TRUE
83-swap-1	FALSE	TRUE
83-swap-2	FALSE	TRUE
85	FALSE	TRUE
85-control	FALSE	TRUE
85-swap-1	FALSE	TRUE
85-swap-2	FALSE	TRUE
91	TRUE	FALSE
91-control	TRUE	FALSE
91-swap-1	TRUE	FALSE
91-swap-2	TRUE	FALSE
92	FALSE	FALSE
92-control	TRUE	FALSE
92-swap-1	TRUE	FALSE
92-swap-2	TRUE	FALSE
93	FALSE	FALSE
93-control	FALSE	FALSE
93-swap-1	FALSE	FALSE
93-swap-2	FALSE	FALSE
103	FALSE	TRUE
103-control	FALSE	TRUE
103-swap-1	FALSE	TRUE
103-swap-2	FALSE	TRUE
105	FALSE	FALSE
105-control	FALSE	FALSE
105-swap-1	FALSE	TRUE
105-swap-2	FALSE	TRUE
116	TRUE	FALSE
116-control	TRUE	FALSE
116-swap-1	TRUE	FALSE
116-swap-2	TRUE	FALSE
117	TRUE	FALSE
117-control	TRUE	FALSE
117-swap-1	TRUE	FALSE
117-swap-2	TRUE	FALSE
172	FALSE	FALSE
172-control	FALSE	FALSE
172-swap-1	FALSE	FALSE
172-swap-2	FALSE	FALSE
173	FALSE	TRUE
173-control	FALSE	TRUE
173-swap-1	FALSE	TRUE
173-swap-2	FALSE	TRUE
176	FALSE	TRUE
176-control	FALSE	TRUE
176-swap-1	FALSE	TRUE
176-swap-2	FALSE	TRUE
182	FALSE	TRUE
182-control	FALSE	TRUE
182-swap-1	FALSE	TRUE
182-swap-2	FALSE	TRUE
187	FALSE	TRUE
187-control	FALSE	TRUE
187-swap-1	FALSE	TRUE
187-swap-2	FALSE	TRUE
189	FALSE	FALSE
189-control	FALSE	FALSE
189-swap-1	FALSE	FALSE
189-swap-2	FALSE	FALSE
190	TRUE	FALSE
190-control	TRUE	FALSE
190-swap-1	TRUE	FALSE
190-swap-2	TRUE	FALSE
205	FALSE	TRUE
205-control	FALSE	TRUE
205-swap-1	FALSE	TRUE
205-swap-2	FALSE	TRUE
218	TRUE	FALSE
218-control	TRUE	FALSE
218-swap-1	TRUE	FALSE
218-swap-2	TRUE	FALSE
222	TRUE	FALSE
222-control	TRUE	FALSE
222-swap-1	TRUE	FALSE
222-swap-2	TRUE	FALSE
223	FALSE	TRUE
223-control	TRUE	TRUE
223-swap-1	FALSE	TRUE
223-swap-2	FALSE	TRUE
224	FALSE	TRUE
224-control	FALSE	TRUE
224-swap-1	FALSE	TRUE
224-swap-2	FALSE	TRUE
226	TRUE	TRUE
226-control	TRUE	FALSE
226-swap-1	TRUE	FALSE
226-swap-2	TRUE	FALSE
227	TRUE	FALSE
227-control	TRUE	FALSE
227-swap-1	TRUE	FALSE
227-swap-2	TRUE	FALSE
228	TRUE	FALSE
228-control	TRUE	FALSE
228-swap-1	TRUE	FALSE
228-swap-2	TRUE	FALSE
241	FALSE	TRUE
241-control	TRUE	TRUE
241-swap-1	TRUE	TRUE
241-swap-2	FALSE	TRUE
242	TRUE	FALSE
242-control	TRUE	FALSE
242-swap-1	TRUE	FALSE
242-swap-2	TRUE	FALSE
243	FALSE	FALSE
243-control	FALSE	FALSE
243-swap-1	FALSE	FALSE
243-swap-2	FALSE	FALSE
246	FALSE	FALSE
246-control	FALSE	FALSE
246-swap-1	FALSE	FALSE
246-swap-2	FALSE	FALSE
248	TRUE	TRUE
248-control	TRUE	TRUE
248-swap-1	TRUE	TRUE
248-swap-2	TRUE	TRUE
252	FALSE	TRUE
252-control	FALSE	TRUE
252-swap-1	FALSE	TRUE
252-swap-2	FALSE	TRUE
253	FALSE	TRUE
253-control	FALSE	TRUE
253-swap-1	FALSE	TRUE
253-swap-2	FALSE	TRUE
255	FALSE	TRUE
255-control	TRUE	FALSE
255-swap-1	FALSE	TRUE
255-swap-2	FALSE	TRUE
256	FALSE	TRUE
256-control	FALSE	TRUE
256-swap-1	FALSE	TRUE
256-swap-2	FALSE	TRUE
264	TRUE	FALSE
264-control	TRUE	FALSE
264-swap-1	TRUE	FALSE
264-swap-2	TRUE	FALSE
265	TRUE	FALSE
265-control	TRUE	FALSE
265-swap-1	TRUE	FALSE
265-swap-2	TRUE	FALSE
266	TRUE	FALSE
266-control	TRUE	FALSE
266-swap-1	TRUE	FALSE
266-swap-2	TRUE	FALSE
267	FALSE	TRUE
267-control	FALSE	TRUE
267-swap-1	FALSE	TRUE
267-swap-2	FALSE	TRUE
268	TRUE	TRUE
268-control	TRUE	TRUE
268-swap-1	FALSE	TRUE
268-swap-2	FALSE	TRUE
274	TRUE	FALSE
274-control	TRUE	FALSE
274-swap-1	TRUE	FALSE
274-swap-2	TRUE	FALSE
277	FALSE	TRUE
277-control	FALSE	TRUE
277-swap-1	FALSE	TRUE
277-swap-2	FALSE	TRUE
278	FALSE	TRUE
278-control	FALSE	TRUE
278-swap-1	FALSE	TRUE
278-swap-2	FALSE	TRUE
279	FALSE	TRUE
279-control	FALSE	TRUE
279-swap-1	FALSE	TRUE
279-swap-2	FALSE	TRUE
282	FALSE	TRUE
282-control	FALSE	TRUE
282-swap-1	FALSE	TRUE
282-swap-2	FALSE	TRUE
283	FALSE	TRUE
283-control	FALSE	TRUE
283-swap-1	FALSE	TRUE
283-swap-2	FALSE	TRUE
286	TRUE	FALSE
286-control	TRUE	FALSE
286-swap-1	TRUE	FALSE
286-swap-2	TRUE	FALSE
287	TRUE	FALSE
287-control	TRUE	FALSE
287-swap-1	TRUE	FALSE
287-swap-2	TRUE	FALSE
293	FALSE	TRUE
293-control	FALSE	TRUE
293-swap-1	FALSE	TRUE
293-swap-2	FALSE	TRUE
296	FALSE	FALSE
296-control	FALSE	FALSE
296-swap-1	FALSE	FALSE
296-swap-2	FALSE	FALSE
303	FALSE	TRUE
303-control	FALSE	TRUE
303-swap-1	FALSE	TRUE
303-swap-2	FALSE	TRUE
304	TRUE	FALSE
304-control	TRUE	FALSE
304-swap-1	TRUE	FALSE
304-swap-2	TRUE	FALSE
305	FALSE	TRUE
305-control	FALSE	TRUE
305-swap-1	FALSE	TRUE
305-swap-2	FALSE	TRUE
307	TRUE	FALSE
307-control	TRUE	FALSE
307-swap-1	TRUE	FALSE
307-swap-2	TRUE	FALSE
314	FALSE	TRUE
314-control	FALSE	TRUE
314-swap-1	TRUE	FALSE
314-swap-2	FALSE	TRUE
315	FALSE	TRUE
315-control	FALSE	TRUE
315-swap-1	FALSE	TRUE
315-swap-2	FALSE	TRUE
321	FALSE	TRUE
321-control	FALSE	TRUE
321-swap-1	FALSE	TRUE
321-swap-2	FALSE	TRUE
322	FALSE	TRUE
322-control	FALSE	TRUE
322-swap-1	FALSE	TRUE
322-swap-2	FALSE	TRUE
323	FALSE	TRUE
323-control	FALSE	TRUE
323-swap-1	FALSE	TRUE
323-swap-2	FALSE	TRUE
324	FALSE	TRUE
324-control	FALSE	TRUE
324-swap-1	FALSE	TRUE
324-swap-2	FALSE	TRUE
332	TRUE	FALSE
332-control	TRUE	FALSE
332-swap-1	TRUE	FALSE
332-swap-2	TRUE	FALSE
333	FALSE	TRUE
333-control	TRUE	FALSE
333-swap-1	FALSE	TRUE
333-swap-2	TRUE	FALSE
335	FALSE	FALSE
335-control	FALSE	FALSE
335-swap-1	TRUE	FALSE
335-swap-2	FALSE	FALSE
338	FALSE	TRUE
338-control	TRUE	FALSE
338-swap-1	TRUE	FALSE
338-swap-2	TRUE	FALSE
341	FALSE	FALSE
341-control	FALSE	FALSE
341-swap-1	FALSE	FALSE
341-swap-2	FALSE	FALSE
343	FALSE	TRUE
343-control	FALSE	TRUE
343-swap-1	FALSE	TRUE
343-swap-2	FALSE	TRUE
344	FALSE	TRUE
344-control	FALSE	TRUE
344-swap-1	FALSE	TRUE
344-swap-2	FALSE	TRUE
345	TRUE	FALSE
345-control	TRUE	FALSE
345-swap-1	TRUE	FALSE
345-swap-2	TRUE	FALSE
347	FALSE	FALSE
347-control	FALSE	FALSE
347-swap-1	FALSE	FALSE
347-swap-2	FALSE	FALSE
349	FALSE	FALSE
349-control	FALSE	FALSE
349-swap-1	FALSE	FALSE
349-swap-2	FALSE	FALSE
356	FALSE	FALSE
356-control	FALSE	FALSE
356-swap-1	FALSE	FALSE
356-swap-2	FALSE	FALSE
357	TRUE	FALSE
357-control	TRUE	FALSE
357-swap-1	TRUE	FALSE
357-swap-2	TRUE	FALSE
358	TRUE	FALSE
358-control	TRUE	FALSE
358-swap-1	TRUE	FALSE
358-swap-2	TRUE	FALSE
359	TRUE	FALSE
359-control	TRUE	FALSE
359-swap-1	TRUE	FALSE
359-swap-2	TRUE	FALSE
363	FALSE	TRUE
363-control	FALSE	TRUE
363-swap-1	FALSE	TRUE
363-swap-2	FALSE	TRUE
364	FALSE	TRUE
364-control	FALSE	TRUE
364-swap-1	FALSE	TRUE
364-swap-2	FALSE	TRUE
365	FALSE	TRUE
365-control	FALSE	TRUE
365-swap-1	FALSE	TRUE
365-swap-2	FALSE	TRUE
366	FALSE	TRUE
366-control	FALSE	TRUE
366-swap-1	FALSE	FALSE
366-swap-2	FALSE	TRUE
367	TRUE	FALSE
367-control	TRUE	FALSE
367-swap-1	TRUE	FALSE
367-swap-2	TRUE	FALSE
368	TRUE	TRUE
368-control	FALSE	TRUE
368-swap-1	TRUE	TRUE
368-swap-2	TRUE	TRUE
378	FALSE	TRUE
378-control	TRUE	TRUE
378-swap-1	FALSE	TRUE
378-swap-2	FALSE	TRUE
379	FALSE	TRUE
379-control	FALSE	TRUE
379-swap-1	FALSE	TRUE
379-swap-2	FALSE	TRUE
380	TRUE	FALSE
380-control	TRUE	FALSE
380-swap-1	FALSE	TRUE
380-swap-2	TRUE	FALSE
387	FALSE	TRUE
387-control	FALSE	TRUE
387-swap-1	FALSE	TRUE
387-swap-2	FALSE	TRUE
390	TRUE	FALSE
390-control	TRUE	FALSE
390-swap-1	TRUE	FALSE
390-swap-2	TRUE	FALSE
392	FALSE	TRUE
392-control	FALSE	TRUE
392-swap-1	FALSE	TRUE
392-swap-2	FALSE	TRUE
393	FALSE	TRUE
393-control	FALSE	TRUE
393-swap-1	FALSE	TRUE
393-swap-2	FALSE	TRUE
394	TRUE	TRUE
394-control	TRUE	TRUE
394-swap-1	TRUE	TRUE
394-swap-2	TRUE	TRUE
395	TRUE	TRUE
395-control	TRUE	TRUE
395-swap-1	TRUE	TRUE
395-swap-2	TRUE	TRUE
396	TRUE	TRUE
396-control	TRUE	TRUE
396-swap-1	TRUE	TRUE
396-swap-2	TRUE	TRUE
397	TRUE	TRUE
397-control	TRUE	TRUE
397-swap-1	TRUE	TRUE
397-swap-2	TRUE	TRUE
398	FALSE	FALSE
398-control	FALSE	FALSE
398-swap-1	TRUE	TRUE
398-swap-2	TRUE	TRUE
400	FALSE	TRUE
400-control	FALSE	TRUE
400-swap-1	FALSE	TRUE
400-swap-2	FALSE	TRUE
408	FALSE	TRUE
408-control	FALSE	TRUE
408-swap-1	FALSE	TRUE
408-swap-2	FALSE	TRUE
409	FALSE	TRUE
409-control	FALSE	TRUE
409-swap-1	FALSE	TRUE
409-swap-2	FALSE	TRUE
414	FALSE	TRUE
414-control	FALSE	TRUE
414-swap-1	FALSE	TRUE
414-swap-2	FALSE	TRUE
415	FALSE	TRUE
415-control	FALSE	TRUE
415-swap-1	FALSE	TRUE
415-swap-2	FALSE	TRUE
417	TRUE	FALSE
417-control	TRUE	FALSE
417-swap-1	TRUE	FALSE
417-swap-2	TRUE	FALSE
420	FALSE	TRUE
420-control	FALSE	TRUE
420-swap-1	FALSE	TRUE
420-swap-2	FALSE	TRUE
421	FALSE	TRUE
421-control	FALSE	TRUE
421-swap-1	FALSE	TRUE
421-swap-2	FALSE	TRUE
422	FALSE	FALSE
422-control	FALSE	FALSE
422-swap-1	FALSE	FALSE
422-swap-2	FALSE	FALSE
429	FALSE	FALSE
429-control	TRUE	FALSE
429-swap-1	FALSE	TRUE
429-swap-2	TRUE	FALSE
431	FALSE	TRUE
431-control	TRUE	FALSE
431-swap-1	TRUE	FALSE
431-swap-2	TRUE	FALSE
435	FALSE	FALSE
435-control	FALSE	FALSE
435-swap-1	FALSE	FALSE
435-swap-2	FALSE	FALSE
437	FALSE	FALSE
437-control	FALSE	FALSE
437-swap-1	FALSE	FALSE
437-swap-2	FALSE	FALSE
439	FALSE	TRUE
439-control	FALSE	TRUE
439-swap-1	FALSE	TRUE
439-swap-2	FALSE	TRUE
441	FALSE	TRUE
441-control	FALSE	TRUE
441-swap-1	FALSE	TRUE
441-swap-2	FALSE	TRUE
442	FALSE	TRUE
442-control	FALSE	TRUE
442-swap-1	FALSE	TRUE
442-swap-2	FALSE	TRUE
447	FALSE	FALSE
447-control	FALSE	FALSE
447-swap-1	FALSE	FALSE
447-swap-2	FALSE	FALSE
450	FALSE	TRUE
450-control	FALSE	TRUE
450-swap-1	FALSE	TRUE
450-swap-2	TRUE	FALSE
451	FALSE	TRUE
451-control	FALSE	TRUE
451-swap-1	FALSE	TRUE
451-swap-2	FALSE	TRUE
455	TRUE	FALSE
455-control	TRUE	FALSE
455-swap-1	TRUE	FALSE
455-swap-2	TRUE	FALSE
457	FALSE	TRUE
457-control	FALSE	TRUE
457-swap-1	FALSE	TRUE
457-swap-2	FALSE	TRUE
459	FALSE	TRUE
459-control	FALSE	TRUE
459-swap-1	FALSE	TRUE
459-swap-2	FALSE	TRUE
464	FALSE	TRUE
464-control	FALSE	TRUE
464-swap-1	FALSE	TRUE
464-swap-2	FALSE	TRUE
465	FALSE	TRUE
465-control	FALSE	TRUE
465-swap-1	FALSE	TRUE
465-swap-2	FALSE	TRUE
468	FALSE	TRUE
468-control	FALSE	TRUE
468-swap-1	FALSE	TRUE
468-swap-2	FALSE	TRUE
469	FALSE	TRUE
469-control	FALSE	TRUE
469-swap-1	FALSE	TRUE
469-swap-2	FALSE	TRUE
470	FALSE	TRUE
470-control	FALSE	TRUE
470-swap-1	FALSE	TRUE
470-swap-2	FALSE	TRUE
471	TRUE	FALSE
471-control	TRUE	FALSE
471-swap-1	TRUE	FALSE
471-swap-2	TRUE	FALSE
476	TRUE	FALSE
476-control	TRUE	FALSE
476-swap-1	TRUE	FALSE
476-swap-2	TRUE	FALSE
479	TRUE	FALSE
479-control	TRUE	FALSE
479-swap-1	TRUE	FALSE
479-swap-2	TRUE	FALSE
480	FALSE	FALSE
480-control	FALSE	FALSE
480-swap-1	FALSE	FALSE
480-swap-2	FALSE	FALSE
481	FALSE	TRUE
481-control	FALSE	TRUE
481-swap-1	FALSE	TRUE
481-swap-2	FALSE	TRUE
483	FALSE	FALSE
483-control	FALSE	FALSE
483-swap-1	FALSE	FALSE
483-swap-2	FALSE	FALSE
484	FALSE	FALSE
484-control	FALSE	FALSE
484-swap-1	FALSE	FALSE
484-swap-2	FALSE	FALSE
485	FALSE	FALSE
485-control	FALSE	FALSE
485-swap-1	FALSE	FALSE
485-swap-2	FALSE	FALSE
490	TRUE	FALSE
490-control	TRUE	FALSE
490-swap-1	TRUE	FALSE
490-swap-2	TRUE	FALSE
493	FALSE	TRUE
493-control	FALSE	TRUE
493-swap-1	FALSE	TRUE
493-swap-2	FALSE	TRUE
500	FALSE	FALSE
500-control	FALSE	FALSE
500-swap-1	FALSE	FALSE
500-swap-2	FALSE	FALSE
501	FALSE	TRUE
501-control	FALSE	TRUE
501-swap-1	FALSE	TRUE
501-swap-2	FALSE	TRUE
502	FALSE	TRUE
502-control	FALSE	TRUE
502-swap-1	FALSE	TRUE
502-swap-2	FALSE	TRUE
505	TRUE	FALSE
505-control	TRUE	FALSE
505-swap-1	TRUE	TRUE
505-swap-2	TRUE	FALSE
506	TRUE	FALSE
506-control	TRUE	FALSE
506-swap-1	TRUE	FALSE
506-swap-2	TRUE	FALSE
508	FALSE	FALSE
508-control	FALSE	FALSE
508-swap-1	FALSE	FALSE
508-swap-2	FALSE	FALSE
511	FALSE	TRUE
511-control	FALSE	TRUE
511-swap-1	FALSE	TRUE
511-swap-2	FALSE	TRUE
513	FALSE	TRUE
513-control	FALSE	TRUE
513-swap-1	FALSE	TRUE
513-swap-2	FALSE	TRUE
514	FALSE	TRUE
514-control	FALSE	TRUE
514-swap-1	FALSE	TRUE
514-swap-2	FALSE	TRUE
515	FALSE	TRUE
515-control	FALSE	TRUE
515-swap-1	FALSE	TRUE
515-swap-2	FALSE	TRUE
516	FALSE	TRUE
516-control	FALSE	TRUE
516-swap-1	FALSE	TRUE
516-swap-2	FALSE	TRUE
533	FALSE	FALSE
533-control	FALSE	FALSE
533-swap-1	FALSE	FALSE
533-swap-2	FALSE	FALSE
534	FALSE	TRUE
534-control	FALSE	TRUE
534-swap-1	FALSE	TRUE
534-swap-2	FALSE	TRUE
537	FALSE	TRUE
537-control	FALSE	TRUE
537-swap-1	FALSE	TRUE
537-swap-2	FALSE	TRUE
539	FALSE	TRUE
539-control	FALSE	TRUE
539-swap-1	FALSE	TRUE
539-swap-2	FALSE	TRUE
540	FALSE	FALSE
540-control	FALSE	FALSE
540-swap-1	FALSE	FALSE
540-swap-2	FALSE	FALSE
547	TRUE	FALSE
547-control	TRUE	FALSE
547-swap-1	TRUE	FALSE
547-swap-2	TRUE	FALSE
551	FALSE	TRUE
551-control	FALSE	TRUE
551-swap-1	FALSE	TRUE
551-swap-2	FALSE	TRUE
554	FALSE	TRUE
554-control	FALSE	TRUE
554-swap-1	FALSE	TRUE
554-swap-2	FALSE	TRUE
555	TRUE	TRUE
555-control	TRUE	TRUE
555-swap-1	TRUE	TRUE
555-swap-2	TRUE	TRUE
559	FALSE	TRUE
559-control	FALSE	TRUE
559-swap-1	FALSE	FALSE
559-swap-2	FALSE	FALSE
562	TRUE	FALSE
562-control	FALSE	FALSE
562-swap-1	TRUE	FALSE
562-swap-2	FALSE	FALSE
563	TRUE	FALSE
563-control	TRUE	FALSE
563-swap-1	TRUE	FALSE
563-swap-2	TRUE	FALSE
565	FALSE	FALSE
565-control	FALSE	FALSE
565-swap-1	FALSE	FALSE
565-swap-2	FALSE	FALSE
566	FALSE	TRUE
566-control	FALSE	TRUE
566-swap-1	TRUE	TRUE
566-swap-2	TRUE	TRUE
571	FALSE	TRUE
571-control	FALSE	TRUE
571-swap-1	FALSE	TRUE
571-swap-2	FALSE	TRUE
573	FALSE	TRUE
573-control	FALSE	TRUE
573-swap-1	FALSE	TRUE
573-swap-2	FALSE	TRUE
575	FALSE	TRUE
575-control	FALSE	TRUE
575-swap-1	FALSE	TRUE
575-swap-2	FALSE	TRUE
576	FALSE	TRUE
576-control	FALSE	TRUE
576-swap-1	FALSE	TRUE
576-swap-2	FALSE	TRUE
578	FALSE	TRUE
578-control	FALSE	TRUE
578-swap-1	FALSE	TRUE
578-swap-2	FALSE	TRUE
579	FALSE	TRUE
579-control	FALSE	TRUE
579-swap-1	FALSE	TRUE
579-swap-2	FALSE	TRUE
580	TRUE	FALSE
580-control	TRUE	FALSE
580-swap-1	TRUE	FALSE
580-swap-2	TRUE	FALSE
602	TRUE	FALSE
602-control	TRUE	FALSE
602-swap-1	TRUE	TRUE
602-swap-2	TRUE	FALSE
603	TRUE	FALSE
603-control	TRUE	FALSE
603-swap-1	TRUE	TRUE
603-swap-2	TRUE	FALSE
606	FALSE	FALSE
606-control	FALSE	FALSE
606-swap-1	FALSE	FALSE
606-swap-2	FALSE	FALSE
610	FALSE	TRUE
610-control	FALSE	TRUE
610-swap-1	FALSE	TRUE
610-swap-2	FALSE	TRUE
614	FALSE	FALSE
614-control	FALSE	TRUE
614-swap-1	FALSE	TRUE
614-swap-2	FALSE	TRUE
616	FALSE	TRUE
616-control	FALSE	TRUE
616-swap-1	FALSE	TRUE
616-swap-2	FALSE	TRUE
617	FALSE	FALSE
617-control	FALSE	FALSE
617-swap-1	FALSE	FALSE
617-swap-2	FALSE	FALSE
618	TRUE	FALSE
618-control	TRUE	FALSE
618-swap-1	TRUE	FALSE
618-swap-2	TRUE	FALSE
627	FALSE	TRUE
627-control	FALSE	TRUE
627-swap-1	FALSE	TRUE
627-swap-2	FALSE	TRUE
629	FALSE	FALSE
629-control	TRUE	TRUE
629-swap-1	TRUE	TRUE
629-swap-2	TRUE	TRUE
631	FALSE	FALSE
631-control	TRUE	TRUE
631-swap-1	TRUE	TRUE
631-swap-2	TRUE	TRUE
632	FALSE	FALSE
632-control	FALSE	FALSE
632-swap-1	FALSE	FALSE
632-swap-2	FALSE	FALSE
642	FALSE	TRUE
642-control	FALSE	TRUE
642-swap-1	FALSE	TRUE
642-swap-2	FALSE	TRUE
643	FALSE	TRUE
643-control	FALSE	TRUE
643-swap-1	FALSE	TRUE
643-swap-2	FALSE	TRUE
649	FALSE	FALSE
649-control	FALSE	FALSE
649-swap-1	FALSE	FALSE
649-swap-2	FALSE	FALSE
651	FALSE	FALSE
651-control	FALSE	FALSE
651-swap-1	FALSE	FALSE
651-swap-2	FALSE	FALSE
653	FALSE	TRUE
653-control	FALSE	TRUE
653-swap-1	FALSE	TRUE
653-swap-2	FALSE	TRUE
654	TRUE	FALSE
654-control	TRUE	FALSE
654-swap-1	TRUE	FALSE
654-swap-2	TRUE	FALSE
655	TRUE	FALSE
655-control	TRUE	FALSE
655-swap-1	TRUE	FALSE
655-swap-2	TRUE	FALSE
658	FALSE	FALSE
658-control	FALSE	FALSE
658-swap-1	FALSE	FALSE
658-swap-2	FALSE	FALSE
661	FALSE	TRUE
661-control	FALSE	TRUE
661-swap-1	FALSE	TRUE
661-swap-2	FALSE	TRUE
669	FALSE	TRUE
669-control	FALSE	TRUE
669-swap-1	TRUE	TRUE
669-swap-2	TRUE	TRUE
671	FALSE	FALSE
671-control	FALSE	FALSE
671-swap-1	FALSE	FALSE
671-swap-2	FALSE	FALSE
673	FALSE	TRUE
673-control	FALSE	TRUE
673-swap-1	FALSE	TRUE
673-swap-2	TRUE	TRUE
674	FALSE	FALSE
674-control	FALSE	FALSE
674-swap-1	FALSE	FALSE
674-swap-2	FALSE	FALSE
678	FALSE	TRUE
678-control	FALSE	TRUE
678-swap-1	FALSE	TRUE
678-swap-2	FALSE	TRUE
679	FALSE	TRUE
679-control	FALSE	TRUE
679-swap-1	FALSE	TRUE
679-swap-2	FALSE	TRUE
680	FALSE	TRUE
680-control	FALSE	TRUE
680-swap-1	FALSE	TRUE
680-swap-2	FALSE	TRUE
682	TRUE	FALSE
682-control	TRUE	FALSE
682-swap-1	TRUE	FALSE
682-swap-2	TRUE	FALSE
688	TRUE	FALSE
688-control	TRUE	FALSE
688-swap-1	TRUE	FALSE
688-swap-2	TRUE	FALSE
694	FALSE	TRUE
694-control	FALSE	TRUE
694-swap-1	FALSE	TRUE
694-swap-2	FALSE	TRUE
696	TRUE	FALSE
696-control	TRUE	FALSE
696-swap-1	TRUE	FALSE
696-swap-2	TRUE	FALSE
698	FALSE	FALSE
698-control	FALSE	FALSE
698-swap-1	FALSE	FALSE
698-swap-2	FALSE	FALSE
704	TRUE	FALSE
704-control	TRUE	FALSE
704-swap-1	TRUE	FALSE
704-swap-2	TRUE	FALSE
705	TRUE	FALSE
705-control	FALSE	FALSE
705-swap-1	TRUE	FALSE
705-swap-2	TRUE	FALSE
706	FALSE	TRUE
706-control	FALSE	TRUE
706-swap-1	FALSE	TRUE
706-swap-2	FALSE	TRUE
713	FALSE	TRUE
713-control	FALSE	TRUE
713-swap-1	FALSE	FALSE
713-swap-2	FALSE	FALSE
718	TRUE	FALSE
718-control	TRUE	FALSE
718-swap-1	TRUE	FALSE
718-swap-2	FALSE	TRUE
721	TRUE	FALSE
721-control	TRUE	FALSE
721-swap-1	TRUE	FALSE
721-swap-2	TRUE	FALSE
724	TRUE	FALSE
724-control	FALSE	FALSE
724-swap-1	TRUE	FALSE
724-swap-2	TRUE	FALSE
725	FALSE	FALSE
725-control	FALSE	FALSE
725-swap-1	FALSE	FALSE
725-swap-2	FALSE	FALSE
726	FALSE	TRUE
726-control	FALSE	TRUE
726-swap-1	FALSE	TRUE
726-swap-2	FALSE	TRUE
727	FALSE	TRUE
727-control	FALSE	TRUE
727-swap-1	FALSE	TRUE
727-swap-2	FALSE	TRUE
730	FALSE	TRUE
730-control	FALSE	TRUE
730-swap-1	FALSE	TRUE
730-swap-2	FALSE	TRUE
731	FALSE	FALSE
731-control	FALSE	FALSE
731-swap-1	TRUE	FALSE
731-swap-2	TRUE	FALSE
732	TRUE	FALSE
732-control	TRUE	FALSE
732-swap-1	TRUE	FALSE
732-swap-2	TRUE	FALSE
733	TRUE	FALSE
733-control	TRUE	FALSE
733-swap-1	TRUE	FALSE
733-swap-2	TRUE	FALSE
734	TRUE	FALSE
734-control	TRUE	FALSE
734-swap-1	TRUE	FALSE
734-swap-2	TRUE	FALSE
738	TRUE	FALSE
738-control	TRUE	FALSE
738-swap-1	TRUE	FALSE
738-swap-2	TRUE	FALSE
742	TRUE	TRUE
742-control	FALSE	TRUE
742-swap-1	FALSE	TRUE
742-swap-2	FALSE	TRUE
743	TRUE	TRUE
743-control	FALSE	TRUE
743-swap-1	FALSE	TRUE
743-swap-2	FALSE	TRUE
744	TRUE	TRUE
744-control	FALSE	TRUE
744-swap-1	FALSE	TRUE
744-swap-2	FALSE	TRUE
746	FALSE	TRUE
746-control	FALSE	TRUE
746-swap-1	FALSE	TRUE
746-swap-2	FALSE	TRUE
747	FALSE	TRUE
747-control	FALSE	TRUE
747-swap-1	FALSE	TRUE
747-swap-2	FALSE	TRUE
748	FALSE	TRUE
748-control	FALSE	TRUE
748-swap-1	FALSE	TRUE
748-swap-2	FALSE	TRUE
749	FALSE	TRUE
749-control	FALSE	TRUE
749-swap-1	FALSE	TRUE
749-swap-2	FALSE	TRUE
754	TRUE	FALSE
754-control	TRUE	FALSE
754-swap-1	TRUE	FALSE
754-swap-2	TRUE	FALSE
757	FALSE	TRUE
757-control	FALSE	TRUE
757-swap-1	FALSE	TRUE
757-swap-2	FALSE	TRUE
758	FALSE	TRUE
758-control	FALSE	TRUE
758-swap-1	FALSE	TRUE
758-swap-2	FALSE	TRUE
761	FALSE	TRUE
761-control	FALSE	TRUE
761-swap-1	FALSE	TRUE
761-swap-2	FALSE	TRUE
762	FALSE	FALSE
762-control	FALSE	FALSE
762-swap-1	FALSE	FALSE
762-swap-2	FALSE	FALSE
764	FALSE	FALSE
764-control	FALSE	FALSE
764-swap-1	FALSE	FALSE
764-swap-2	FALSE	FALSE
765	FALSE	FALSE
765-control	FALSE	FALSE
765-swap-1	FALSE	FALSE
765-swap-2	FALSE	FALSE
768	FALSE	TRUE
768-control	FALSE	TRUE
768-swap-1	FALSE	TRUE
768-swap-2	FALSE	TRUE
769	TRUE	FALSE
769-control	TRUE	FALSE
769-swap-1	TRUE	FALSE
769-swap-2	TRUE	FALSE
771	FALSE	TRUE
771-control	FALSE	TRUE
771-swap-1	FALSE	TRUE
771-swap-2	FALSE	TRUE
774	FALSE	TRUE
774-control	FALSE	TRUE
774-swap-1	FALSE	TRUE
774-swap-2	FALSE	TRUE
775	FALSE	TRUE
775-control	FALSE	TRUE
775-swap-1	FALSE	TRUE
775-swap-2	FALSE	TRUE
779	TRUE	FALSE
779-control	TRUE	FALSE
779-swap-1	FALSE	TRUE
779-swap-2	FALSE	TRUE
780	FALSE	FALSE
780-control	FALSE	FALSE
780-swap-1	FALSE	FALSE
780-swap-2	FALSE	FALSE
782	FALSE	TRUE
782-control	FALSE	TRUE
782-swap-1	FALSE	TRUE
782-swap-2	FALSE	TRUE
786	TRUE	FALSE
786-control	TRUE	FALSE
786-swap-1	TRUE	FALSE
786-swap-2	TRUE	FALSE
787	FALSE	FALSE
787-control	FALSE	FALSE
787-swap-1	FALSE	FALSE
787-swap-2	FALSE	FALSE
788	TRUE	FALSE
788-control	TRUE	FALSE
788-swap-1	TRUE	FALSE
788-swap-2	TRUE	FALSE
791	FALSE	TRUE
791-control	FALSE	TRUE
791-swap-1	FALSE	TRUE
791-swap-2	FALSE	TRUE
792	FALSE	TRUE
792-control	FALSE	TRUE
792-swap-1	FALSE	TRUE
792-swap-2	FALSE	TRUE
793	FALSE	TRUE
793-control	FALSE	TRUE
793-swap-1	FALSE	TRUE
793-swap-2	FALSE	TRUE
794	FALSE	TRUE
794-control	FALSE	TRUE
794-swap-1	FALSE	TRUE
794-swap-2	FALSE	TRUE
796	FALSE	TRUE
796-control	FALSE	TRUE
796-swap-1	FALSE	TRUE
796-swap-2	FALSE	TRUE
797	FALSE	TRUE
797-control	FALSE	TRUE
797-swap-1	FALSE	TRUE
797-swap-2	FALSE	TRUE
800	FALSE	FALSE
800-control	FALSE	FALSE
800-swap-1	FALSE	FALSE
800-swap-2	FALSE	FALSE
801	FALSE	TRUE
801-control	FALSE	TRUE
801-swap-1	FALSE	TRUE
801-swap-2	FALSE	TRUE
802	TRUE	TRUE
802-control	TRUE	TRUE
802-swap-1	FALSE	TRUE
802-swap-2	FALSE	TRUE
803	TRUE	FALSE
803-control	TRUE	FALSE
803-swap-1	TRUE	FALSE
803-swap-2	TRUE	FALSE
805	TRUE	FALSE
805-control	TRUE	FALSE
805-swap-1	TRUE	FALSE
805-swap-2	TRUE	FALSE
806	TRUE	FALSE
806-control	TRUE	FALSE
806-swap-1	TRUE	TRUE
806-swap-2	FALSE	TRUE
807	TRUE	FALSE
807-control	TRUE	FALSE
807-swap-1	TRUE	TRUE
807-swap-2	FALSE	TRUE
809	FALSE	TRUE
809-control	TRUE	FALSE
809-swap-1	TRUE	FALSE
809-swap-2	FALSE	TRUE
812	FALSE	TRUE
812-control	FALSE	TRUE
812-swap-1	FALSE	TRUE
812-swap-2	FALSE	TRUE
813	FALSE	TRUE
813-control	FALSE	TRUE
813-swap-1	FALSE	TRUE
813-swap-2	FALSE	TRUE
814	FALSE	TRUE
814-control	FALSE	TRUE
814-swap-1	FALSE	TRUE
814-swap-2	FALSE	TRUE
818	FALSE	FALSE
818-control	FALSE	FALSE
818-swap-1	FALSE	FALSE
818-swap-2	FALSE	FALSE
824	FALSE	FALSE
824-control	TRUE	FALSE
824-swap-1	TRUE	FALSE
824-swap-2	FALSE	FALSE
827	FALSE	TRUE
827-control	FALSE	TRUE
827-swap-1	FALSE	TRUE
827-swap-2	FALSE	TRUE
832	FALSE	TRUE
832-control	FALSE	TRUE
832-swap-1	FALSE	TRUE
832-swap-2	FALSE	TRUE
834	FALSE	FALSE
834-control	FALSE	FALSE
834-swap-1	FALSE	FALSE
834-swap-2	FALSE	FALSE
837	TRUE	FALSE
837-control	TRUE	FALSE
837-swap-1	TRUE	FALSE
837-swap-2	TRUE	FALSE
838	TRUE	FALSE
838-control	TRUE	FALSE
838-swap-1	TRUE	FALSE
838-swap-2	TRUE	FALSE
841	TRUE	FALSE
841-control	TRUE	FALSE
841-swap-1	TRUE	FALSE
841-swap-2	TRUE	FALSE
843	TRUE	FALSE
843-control	TRUE	FALSE
843-swap-1	TRUE	FALSE
843-swap-2	TRUE	FALSE
846	TRUE	FALSE
846-control	TRUE	FALSE
846-swap-1	TRUE	FALSE
846-swap-2	TRUE	FALSE
847	TRUE	FALSE
847-control	TRUE	FALSE
847-swap-1	TRUE	FALSE
847-swap-2	TRUE	FALSE
848	TRUE	FALSE
848-control	TRUE	FALSE
848-swap-1	TRUE	FALSE
848-swap-2	TRUE	FALSE
850	FALSE	TRUE
850-control	FALSE	TRUE
850-swap-1	FALSE	TRUE
850-swap-2	FALSE	TRUE
851	TRUE	FALSE
851-control	FALSE	TRUE
851-swap-1	FALSE	TRUE
851-swap-2	FALSE	TRUE
856	FALSE	FALSE
856-control	TRUE	FALSE
856-swap-1	FALSE	FALSE
856-swap-2	FALSE	FALSE
864	FALSE	TRUE
864-control	FALSE	TRUE
864-swap-1	FALSE	TRUE
864-swap-2	FALSE	TRUE
866	FALSE	FALSE
866-control	FALSE	FALSE
866-swap-1	FALSE	FALSE
866-swap-2	FALSE	FALSE
870	TRUE	FALSE
870-control	TRUE	FALSE
870-swap-1	TRUE	FALSE
870-swap-2	TRUE	FALSE
871	FALSE	TRUE
871-control	FALSE	TRUE
871-swap-1	FALSE	TRUE
871-swap-2	FALSE	TRUE
872	FALSE	TRUE
872-control	FALSE	TRUE
872-swap-1	FALSE	TRUE
872-swap-2	FALSE	TRUE
874	TRUE	FALSE
874-control	TRUE	FALSE
874-swap-1	TRUE	FALSE
874-swap-2	TRUE	FALSE
881	FALSE	TRUE
881-control	FALSE	TRUE
881-swap-1	FALSE	TRUE
881-swap-2	FALSE	TRUE
884	TRUE	FALSE
884-control	TRUE	FALSE
884-swap-1	TRUE	FALSE
884-swap-2	TRUE	FALSE
887	FALSE	TRUE
887-control	FALSE	TRUE
887-swap-1	FALSE	TRUE
887-swap-2	FALSE	TRUE
889	FALSE	TRUE
889-control	FALSE	TRUE
889-swap-1	FALSE	TRUE
889-swap-2	FALSE	TRUE
890	FALSE	TRUE
890-control	FALSE	TRUE
890-swap-1	FALSE	TRUE
890-swap-2	FALSE	TRUE
892	TRUE	FALSE
892-control	FALSE	FALSE
892-swap-1	TRUE	FALSE
892-swap-2	TRUE	FALSE
894	TRUE	FALSE
894-control	TRUE	FALSE
894-swap-1	TRUE	FALSE
894-swap-2	TRUE	FALSE
899	TRUE	FALSE
899-control	TRUE	FALSE
899-swap-1	TRUE	FALSE
899-swap-2	TRUE	FALSE
902	TRUE	FALSE
902-control	TRUE	FALSE
902-swap-1	TRUE	FALSE
902-swap-2	TRUE	FALSE
908	FALSE	TRUE
908-control	FALSE	TRUE
908-swap-1	FALSE	TRUE
908-swap-2	FALSE	TRUE
909	FALSE	TRUE
909-control	FALSE	TRUE
909-swap-1	FALSE	TRUE
909-swap-2	FALSE	TRUE
910	FALSE	TRUE
910-control	FALSE	TRUE
910-swap-1	FALSE	TRUE
910-swap-2	FALSE	TRUE
911	TRUE	FALSE
911-control	TRUE	FALSE
911-swap-1	FALSE	FALSE
911-swap-2	TRUE	FALSE
912	FALSE	FALSE
912-control	FALSE	FALSE
912-swap-1	FALSE	FALSE
912-swap-2	FALSE	FALSE
913	FALSE	FALSE
913-control	FALSE	FALSE
913-swap-1	FALSE	FALSE
913-swap-2	FALSE	FALSE
916	TRUE	FALSE
916-control	TRUE	FALSE
916-swap-1	TRUE	FALSE
916-swap-2	TRUE	FALSE
920	TRUE	FALSE
920-control	TRUE	FALSE
920-swap-1	TRUE	FALSE
920-swap-2	TRUE	FALSE
922	TRUE	FALSE
922-control	TRUE	FALSE
922-swap-1	TRUE	FALSE
922-swap-2	TRUE	FALSE
923	FALSE	TRUE
923-control	FALSE	TRUE
923-swap-1	FALSE	TRUE
923-swap-2	FALSE	TRUE
930	FALSE	TRUE
930-control	FALSE	TRUE
930-swap-1	FALSE	FALSE
930-swap-2	FALSE	TRUE
931	FALSE	TRUE
931-control	FALSE	TRUE
931-swap-1	FALSE	TRUE
931-swap-2	FALSE	TRUE
938	TRUE	FALSE
938-control	TRUE	FALSE
938-swap-1	TRUE	FALSE
938-swap-2	TRUE	FALSE
944	FALSE	TRUE
944-control	FALSE	TRUE
944-swap-1	FALSE	TRUE
944-swap-2	FALSE	TRUE
955	FALSE	TRUE
955-control	FALSE	TRUE
955-swap-1	FALSE	TRUE
955-swap-2	FALSE	TRUE
956	FALSE	TRUE
956-control	FALSE	TRUE
956-swap-1	FALSE	TRUE
956-swap-2	FALSE	TRUE
960	FALSE	TRUE
960-control	FALSE	TRUE
960-swap-1	FALSE	TRUE
960-swap-2	FALSE	TRUE
964	FALSE	TRUE
964-control	FALSE	TRUE
964-swap-1	FALSE	TRUE
964-swap-2	FALSE	TRUE
969	FALSE	FALSE
969-control	FALSE	FALSE
969-swap-1	FALSE	FALSE
969-swap-2	FALSE	FALSE
970	FALSE	TRUE
970-control	FALSE	TRUE
970-swap-1	FALSE	TRUE
970-swap-2	FALSE	TRUE
973	TRUE	FALSE
973-control	TRUE	FALSE
973-swap-1	TRUE	FALSE
973-swap-2	TRUE	FALSE
976	FALSE	TRUE
976-control	FALSE	TRUE
976-swap-1	FALSE	TRUE
976-swap-2	FALSE	TRUE
977	TRUE	FALSE
977-control	TRUE	FALSE
977-swap-1	TRUE	FALSE
977-swap-2	TRUE	FALSE
978	TRUE	FALSE
978-control	TRUE	FALSE
978-swap-1	TRUE	FALSE
978-swap-2	TRUE	FALSE
979	FALSE	FALSE
979-control	FALSE	FALSE
979-swap-1	FALSE	FALSE
979-swap-2	FALSE	FALSE
984	FALSE	TRUE
984-control	FALSE	TRUE
984-swap-1	FALSE	TRUE
984-swap-2	FALSE	TRUE
987	TRUE	FALSE
987-control	TRUE	FALSE
987-swap-1	TRUE	FALSE
987-swap-2	TRUE	FALSE
990	TRUE	FALSE
990-control	TRUE	FALSE
990-swap-1	TRUE	FALSE
990-swap-2	TRUE	FALSE
993	FALSE	TRUE
993-control	FALSE	TRUE
993-swap-1	FALSE	TRUE
993-swap-2	FALSE	TRUE
994	FALSE	TRUE
994-control	FALSE	TRUE
994-swap-1	FALSE	TRUE
994-swap-2	FALSE	TRUE
995	TRUE	FALSE
995-control	TRUE	FALSE
995-swap-1	TRUE	FALSE
995-swap-2	TRUE	FALSE
997	FALSE	TRUE
997-control	FALSE	TRUE
997-swap-1	FALSE	TRUE
997-swap-2	FALSE	TRUE
1000	TRUE	FALSE
1000-control	TRUE	FALSE
1000-swap-1	TRUE	FALSE
1000-swap-2	TRUE	FALSE
1003	TRUE	FALSE
1003-control	TRUE	FALSE
1003-swap-1	TRUE	FALSE
1003-swap-2	TRUE	FALSE
1005	TRUE	FALSE
1005-control	TRUE	FALSE
1005-swap-1	TRUE	FALSE
1005-swap-2	TRUE	FALSE
1008	FALSE	TRUE
1008-control	FALSE	TRUE
1008-swap-1	FALSE	TRUE
1008-swap-2	FALSE	TRUE
1009	FALSE	TRUE
1009-control	FALSE	TRUE
1009-swap-1	FALSE	TRUE
1009-swap-2	FALSE	TRUE
1014	FALSE	TRUE
1014-control	FALSE	TRUE
1014-swap-1	FALSE	TRUE
1014-swap-2	FALSE	TRUE
1017	FALSE	FALSE
1017-control	FALSE	FALSE
1017-swap-1	FALSE	FALSE
1017-swap-2	FALSE	FALSE
1018	TRUE	FALSE
1018-control	TRUE	FALSE
1018-swap-1	TRUE	FALSE
1018-swap-2	TRUE	FALSE
1020	FALSE	FALSE
1020-control	FALSE	FALSE
1020-swap-1	FALSE	FALSE
1020-swap-2	FALSE	FALSE
1023	TRUE	FALSE
1023-control	TRUE	FALSE
1023-swap-1	TRUE	FALSE
1023-swap-2	TRUE	FALSE
1026	TRUE	FALSE
1026-control	TRUE	FALSE
1026-swap-1	TRUE	FALSE
1026-swap-2	TRUE	FALSE
1029	FALSE	TRUE
1029-control	TRUE	TRUE
1029-swap-1	FALSE	TRUE
1029-swap-2	FALSE	TRUE
1032	FALSE	TRUE
1032-control	FALSE	TRUE
1032-swap-1	FALSE	TRUE
1032-swap-2	FALSE	TRUE
1033	TRUE	FALSE
1033-control	TRUE	FALSE
1033-swap-1	TRUE	FALSE
1033-swap-2	TRUE	FALSE
1034	TRUE	FALSE
1034-control	TRUE	FALSE
1034-swap-1	TRUE	FALSE
1034-swap-2	TRUE	FALSE
1046	FALSE	TRUE
1046-control	FALSE	TRUE
1046-swap-1	FALSE	FALSE
1046-swap-2	FALSE	FALSE
1049	FALSE	TRUE
1049-control	TRUE	FALSE
1049-swap-1	FALSE	TRUE
1049-swap-2	FALSE	TRUE
1051	FALSE	TRUE
1051-control	FALSE	TRUE
1051-swap-1	FALSE	TRUE
1051-swap-2	FALSE	TRUE
1055	FALSE	TRUE
1055-control	FALSE	TRUE
1055-swap-1	FALSE	TRUE
1055-swap-2	FALSE	TRUE
1056	FALSE	TRUE
1056-control	FALSE	TRUE
1056-swap-1	FALSE	TRUE
1056-swap-2	FALSE	TRUE
1057	TRUE	FALSE
1057-control	TRUE	FALSE
1057-swap-1	TRUE	FALSE
1057-swap-2	TRUE	FALSE
1060	FALSE	FALSE
1060-control	FALSE	FALSE
1060-swap-1	FALSE	FALSE
1060-swap-2	FALSE	FALSE
1062	FALSE	TRUE
1062-control	FALSE	TRUE
1062-swap-1	FALSE	TRUE
1062-swap-2	FALSE	TRUE
1063	FALSE	TRUE
1063-control	FALSE	TRUE
1063-swap-1	FALSE	TRUE
1063-swap-2	FALSE	TRUE
1075	TRUE	TRUE
1075-control	TRUE	TRUE
1075-swap-1	TRUE	TRUE
1075-swap-2	TRUE	TRUE
1077	FALSE	FALSE
1077-control	FALSE	FALSE
1077-swap-1	FALSE	FALSE
1077-swap-2	FALSE	FALSE
1079	TRUE	FALSE
1079-control	TRUE	FALSE
1079-swap-1	TRUE	FALSE
1079-swap-2	TRUE	FALSE
1084	FALSE	FALSE
1084-control	FALSE	FALSE
1084-swap-1	FALSE	FALSE
1084-swap-2	FALSE	TRUE
1085	FALSE	FALSE
1085-control	FALSE	TRUE
1085-swap-1	FALSE	FALSE
1085-swap-2	FALSE	FALSE
1087	TRUE	FALSE
1087-control	TRUE	FALSE
1087-swap-1	TRUE	FALSE
1087-swap-2	TRUE	FALSE
1091	FALSE	TRUE
1091-control	FALSE	TRUE
1091-swap-1	FALSE	TRUE
1091-swap-2	FALSE	TRUE
1092	TRUE	TRUE
1092-control	FALSE	TRUE
1092-swap-1	FALSE	TRUE
1092-swap-2	FALSE	TRUE
1096	FALSE	FALSE
1096-control	FALSE	FALSE
1096-swap-1	FALSE	FALSE
1096-swap-2	FALSE	FALSE
1097	FALSE	TRUE
1097-control	FALSE	TRUE
1097-swap-1	FALSE	TRUE
1097-swap-2	FALSE	TRUE
1099	FALSE	FALSE
1099-control	FALSE	FALSE
1099-swap-1	FALSE	FALSE
1099-swap-2	FALSE	FALSE
1103	FALSE	TRUE
1103-control	FALSE	TRUE
1103-swap-1	FALSE	TRUE
1103-swap-2	FALSE	TRUE
1104	FALSE	FALSE
1104-control	FALSE	FALSE
1104-swap-1	FALSE	FALSE
1104-swap-2	FALSE	FALSE
1106	FALSE	TRUE
1106-control	FALSE	TRUE
1106-swap-1	FALSE	TRUE
1106-swap-2	FALSE	TRUE
1108	FALSE	TRUE
1108-control	FALSE	TRUE
1108-swap-1	FALSE	TRUE
1108-swap-2	FALSE	TRUE
1109	TRUE	FALSE
1109-control	TRUE	FALSE
1109-swap-1	TRUE	FALSE
1109-swap-2	TRUE	FALSE
1110	FALSE	TRUE
1110-control	FALSE	TRUE
1110-swap-1	FALSE	TRUE
1110-swap-2	FALSE	TRUE
1118	FALSE	TRUE
1118-control	FALSE	TRUE
1118-swap-1	FALSE	TRUE
1118-swap-2	FALSE	TRUE
1124	TRUE	FALSE
1124-control	FALSE	FALSE
1124-swap-1	TRUE	FALSE
1124-swap-2	TRUE	FALSE
1128	TRUE	FALSE
1128-control	TRUE	FALSE
1128-swap-1	TRUE	FALSE
1128-swap-2	TRUE	FALSE
1131	FALSE	TRUE
1131-control	FALSE	TRUE
1131-swap-1	FALSE	TRUE
1131-swap-2	FALSE	TRUE
1132	FALSE	TRUE
1132-control	FALSE	TRUE
1132-swap-1	FALSE	TRUE
1132-swap-2	FALSE	TRUE
1134	FALSE	TRUE
1134-control	FALSE	TRUE
1134-swap-1	FALSE	TRUE
1134-swap-2	TRUE	TRUE
1135	FALSE	TRUE
1135-control	FALSE	TRUE
1135-swap-1	FALSE	TRUE
1135-swap-2	FALSE	TRUE
1136	FALSE	TRUE
1136-control	FALSE	TRUE
1136-swap-1	FALSE	TRUE
1136-swap-2	FALSE	TRUE
1137	FALSE	FALSE
1137-control	FALSE	FALSE
1137-swap-1	FALSE	FALSE
1137-swap-2	FALSE	FALSE
1141	FALSE	TRUE
1141-control	FALSE	TRUE
1141-swap-1	FALSE	TRUE
1141-swap-2	FALSE	TRUE
1142	FALSE	TRUE
1142-control	FALSE	TRUE
1142-swap-1	FALSE	TRUE
1142-swap-2	FALSE	TRUE
1147	FALSE	FALSE
1147-control	FALSE	FALSE
1147-swap-1	FALSE	FALSE
1147-swap-2	FALSE	FALSE
1149	FALSE	TRUE
1149-control	FALSE	TRUE
1149-swap-1	FALSE	TRUE
1149-swap-2	FALSE	TRUE
1150	FALSE	TRUE
1150-control	FALSE	TRUE
1150-swap-1	FALSE	TRUE
1150-swap-2	FALSE	TRUE
1153	FALSE	TRUE
1153-control	FALSE	TRUE
1153-swap-1	FALSE	TRUE
1153-swap-2	FALSE	TRUE
1155	FALSE	TRUE
1155-control	FALSE	TRUE
1155-swap-1	FALSE	TRUE
1155-swap-2	FALSE	TRUE
1156	FALSE	TRUE
1156-control	FALSE	TRUE
1156-swap-1	FALSE	TRUE
1156-swap-2	FALSE	TRUE
1157	FALSE	TRUE
1157-control	FALSE	TRUE
1157-swap-1	FALSE	TRUE
1157-swap-2	FALSE	TRUE
1158	TRUE	FALSE
1158-control	TRUE	FALSE
1158-swap-1	TRUE	FALSE
1158-swap-2	TRUE	FALSE
1160	TRUE	FALSE
1160-control	TRUE	FALSE
1160-swap-1	TRUE	FALSE
1160-swap-2	TRUE	FALSE
1161	FALSE	TRUE
1161-control	FALSE	TRUE
1161-swap-1	FALSE	TRUE
1161-swap-2	FALSE	TRUE
1163	FALSE	TRUE
1163-control	FALSE	TRUE
1163-swap-1	FALSE	TRUE
1163-swap-2	FALSE	TRUE
1164	FALSE	TRUE
1164-control	FALSE	TRUE
1164-swap-1	FALSE	TRUE
1164-swap-2	FALSE	TRUE
1165	FALSE	TRUE
1165-control	FALSE	TRUE
1165-swap-1	FALSE	TRUE
1165-swap-2	FALSE	TRUE
1170	FALSE	FALSE
1170-control	FALSE	FALSE
1170-swap-1	FALSE	FALSE
1170-swap-2	FALSE	FALSE
1183	FALSE	TRUE
1183-control	FALSE	TRUE
1183-swap-1	FALSE	TRUE
1183-swap-2	FALSE	TRUE
1185	FALSE	TRUE
1185-control	FALSE	TRUE
1185-swap-1	FALSE	TRUE
1185-swap-2	FALSE	TRUE
1188	FALSE	TRUE
1188-control	FALSE	TRUE
1188-swap-1	FALSE	TRUE
1188-swap-2	FALSE	TRUE
1190	FALSE	TRUE
1190-control	FALSE	TRUE
1190-swap-1	FALSE	TRUE
1190-swap-2	FALSE	TRUE
1192	FALSE	TRUE
1192-control	FALSE	TRUE
1192-swap-1	FALSE	TRUE
1192-swap-2	FALSE	TRUE
1194	FALSE	FALSE
1194-control	FALSE	FALSE
1194-swap-1	FALSE	FALSE
1194-swap-2	FALSE	FALSE
1197	TRUE	FALSE
1197-control	TRUE	FALSE
1197-swap-1	TRUE	FALSE
1197-swap-2	TRUE	FALSE
1203	FALSE	TRUE
1203-control	FALSE	TRUE
1203-swap-1	FALSE	TRUE
1203-swap-2	FALSE	TRUE
1204	TRUE	FALSE
1204-control	TRUE	FALSE
1204-swap-1	TRUE	FALSE
1204-swap-2	TRUE	FALSE
1205	FALSE	FALSE
1205-control	FALSE	FALSE
1205-swap-1	FALSE	FALSE
1205-swap-2	FALSE	FALSE
1206	TRUE	FALSE
1206-control	TRUE	FALSE
1206-swap-1	TRUE	FALSE
1206-swap-2	TRUE	FALSE
1209	TRUE	FALSE
1209-control	TRUE	FALSE
1209-swap-1	TRUE	FALSE
1209-swap-2	TRUE	FALSE
1212	FALSE	TRUE
1212-control	FALSE	TRUE
1212-swap-1	FALSE	TRUE
1212-swap-2	TRUE	TRUE
1217	FALSE	TRUE
1217-control	TRUE	FALSE
1217-swap-1	FALSE	TRUE
1217-swap-2	FALSE	TRUE
1218	FALSE	TRUE
1218-control	FALSE	TRUE
1218-swap-1	FALSE	TRUE
1218-swap-2	FALSE	TRUE
1221	TRUE	FALSE
1221-control	TRUE	FALSE
1221-swap-1	TRUE	FALSE
1221-swap-2	TRUE	FALSE
1223	FALSE	FALSE
1223-control	FALSE	FALSE
1223-swap-1	FALSE	FALSE
1223-swap-2	FALSE	FALSE
1229	FALSE	FALSE
1229-control	FALSE	FALSE
1229-swap-1	FALSE	FALSE
1229-swap-2	TRUE	FALSE
1230	TRUE	FALSE
1230-control	TRUE	FALSE
1230-swap-1	TRUE	FALSE
1230-swap-2	TRUE	FALSE
1237	FALSE	TRUE
1237-control	FALSE	TRUE
1237-swap-1	FALSE	TRUE
1237-swap-2	FALSE	TRUE
1242	FALSE	TRUE
1242-control	FALSE	TRUE
1242-swap-1	FALSE	TRUE
1242-swap-2	FALSE	TRUE
1244	TRUE	FALSE
1244-control	TRUE	FALSE
1244-swap-1	TRUE	FALSE
1244-swap-2	TRUE	FALSE
1248	FALSE	FALSE
1248-control	FALSE	FALSE
1248-swap-1	FALSE	FALSE
1248-swap-2	FALSE	FALSE
1405	FALSE	TRUE
1405-control	FALSE	TRUE
1405-swap-1	FALSE	TRUE
1405-swap-2	FALSE	TRUE
1406	FALSE	FALSE
1406-control	FALSE	FALSE
1406-swap-1	FALSE	FALSE
1406-swap-2	FALSE	FALSE
1409	FALSE	TRUE
1409-control	FALSE	TRUE
1409-swap-1	FALSE	TRUE
1409-swap-2	FALSE	TRUE
1413	FALSE	TRUE
1413-control	FALSE	TRUE
1413-swap-1	FALSE	TRUE
1413-swap-2	FALSE	TRUE
1414	TRUE	FALSE
1414-control	TRUE	FALSE
1414-swap-1	TRUE	FALSE
1414-swap-2	TRUE	FALSE
1415	TRUE	FALSE
1415-control	TRUE	FALSE
1415-swap-1	TRUE	FALSE
1415-swap-2	TRUE	FALSE
1416	TRUE	FALSE
1416-control	TRUE	FALSE
1416-swap-1	TRUE	FALSE
1416-swap-2	TRUE	FALSE
1418	TRUE	FALSE
1418-control	TRUE	FALSE
1418-swap-1	TRUE	FALSE
1418-swap-2	TRUE	FALSE
1419	FALSE	TRUE
1419-control	FALSE	TRUE
1419-swap-1	FALSE	TRUE
1419-swap-2	FALSE	TRUE
1423	FALSE	FALSE
1423-control	FALSE	FALSE
1423-swap-1	FALSE	FALSE
1423-swap-2	FALSE	FALSE
1424	FALSE	TRUE
1424-control	FALSE	TRUE
1424-swap-1	FALSE	TRUE
1424-swap-2	FALSE	TRUE
1425	FALSE	TRUE
1425-control	FALSE	TRUE
1425-swap-1	FALSE	TRUE
1425-swap-2	FALSE	TRUE
1426	FALSE	TRUE
1426-control	FALSE	TRUE
1426-swap-1	FALSE	TRUE
1426-swap-2	FALSE	TRUE
1430	FALSE	FALSE
1430-control	FALSE	FALSE
1430-swap-1	FALSE	FALSE
1430-swap-2	FALSE	FALSE
1436	FALSE	TRUE
1436-control	FALSE	TRUE
1436-swap-1	FALSE	TRUE
1436-swap-2	FALSE	TRUE
1438	TRUE	FALSE
1438-control	TRUE	FALSE
1438-swap-1	TRUE	FALSE
1438-swap-2	TRUE	FALSE
1440	TRUE	FALSE
1440-control	TRUE	FALSE
1440-swap-1	TRUE	FALSE
1440-swap-2	TRUE	FALSE
1441	FALSE	TRUE
1441-control	FALSE	TRUE
1441-swap-1	TRUE	TRUE
1441-swap-2	FALSE	TRUE
1442	FALSE	TRUE
1442-control	FALSE	TRUE
1442-swap-1	FALSE	TRUE
1442-swap-2	FALSE	TRUE
1448	TRUE	FALSE
1448-control	TRUE	FALSE
1448-swap-1	FALSE	TRUE
1448-swap-2	TRUE	TRUE
1449	TRUE	TRUE
1449-control	TRUE	TRUE
1449-swap-1	TRUE	TRUE
1449-swap-2	TRUE	TRUE
1450	TRUE	TRUE
1450-control	TRUE	TRUE
1450-swap-1	TRUE	TRUE
1450-swap-2	TRUE	TRUE
1452	FALSE	TRUE
1452-control	FALSE	TRUE
1452-swap-1	FALSE	TRUE
1452-swap-2	FALSE	TRUE
1455	FALSE	TRUE
1455-control	FALSE	TRUE
1455-swap-1	FALSE	TRUE
1455-swap-2	FALSE	TRUE
1456	TRUE	FALSE
1456-control	TRUE	FALSE
1456-swap-1	TRUE	FALSE
1456-swap-2	TRUE	FALSE
1459	FALSE	FALSE
1459-control	FALSE	FALSE
1459-swap-1	FALSE	FALSE
1459-swap-2	FALSE	FALSE
1465	TRUE	FALSE
1465-control	TRUE	FALSE
1465-swap-1	TRUE	FALSE
1465-swap-2	FALSE	TRUE
1466	TRUE	FALSE
1466-control	TRUE	FALSE
1466-swap-1	TRUE	FALSE
1466-swap-2	TRUE	FALSE
1467	TRUE	FALSE
1467-control	TRUE	FALSE
1467-swap-1	TRUE	FALSE
1467-swap-2	TRUE	FALSE
1476	FALSE	TRUE
1476-control	FALSE	FALSE
1476-swap-1	FALSE	FALSE
1476-swap-2	FALSE	FALSE
1482	TRUE	FALSE
1482-control	TRUE	FALSE
1482-swap-1	TRUE	FALSE
1482-swap-2	TRUE	FALSE
1483	TRUE	FALSE
1483-control	TRUE	FALSE
1483-swap-1	TRUE	FALSE
1483-swap-2	TRUE	FALSE
1484	TRUE	FALSE
1484-control	TRUE	FALSE
1484-swap-1	TRUE	FALSE
1484-swap-2	TRUE	FALSE
1490	FALSE	TRUE
1490-control	TRUE	FALSE
1490-swap-1	FALSE	TRUE
1490-swap-2	TRUE	TRUE
1493	TRUE	FALSE
1493-control	TRUE	FALSE
1493-swap-1	TRUE	FALSE
1493-swap-2	TRUE	TRUE
1495	FALSE	FALSE
1495-control	FALSE	FALSE
1495-swap-1	FALSE	FALSE
1495-swap-2	FALSE	FALSE
1496	FALSE	TRUE
1496-control	FALSE	TRUE
1496-swap-1	FALSE	TRUE
1496-swap-2	FALSE	TRUE
1503	TRUE	FALSE
1503-control	TRUE	FALSE
1503-swap-1	TRUE	FALSE
1503-swap-2	TRUE	FALSE
1504	FALSE	TRUE
1504-control	FALSE	TRUE
1504-swap-1	FALSE	TRUE
1504-swap-2	FALSE	TRUE
1505	FALSE	TRUE
1505-control	FALSE	TRUE
1505-swap-1	FALSE	TRUE
1505-swap-2	FALSE	TRUE
1519	FALSE	TRUE
1519-control	FALSE	TRUE
1519-swap-1	FALSE	TRUE
1519-swap-2	FALSE	TRUE
1520	FALSE	FALSE
1520-control	FALSE	FALSE
1520-swap-1	FALSE	FALSE
1520-swap-2	FALSE	FALSE
1521	FALSE	TRUE
1521-control	FALSE	TRUE
1521-swap-1	FALSE	TRUE
1521-swap-2	FALSE	TRUE
1524	TRUE	FALSE
1524-control	TRUE	FALSE
1524-swap-1	TRUE	FALSE
1524-swap-2	TRUE	FALSE
1525	TRUE	FALSE
1525-control	TRUE	FALSE
1525-swap-1	TRUE	FALSE
1525-swap-2	TRUE	FALSE
1526	TRUE	FALSE
1526-control	TRUE	FALSE
1526-swap-1	FALSE	FALSE
1526-swap-2	TRUE	FALSE
1527	TRUE	FALSE
1527-control	TRUE	FALSE
1527-swap-1	TRUE	FALSE
1527-swap-2	TRUE	FALSE
1528	FALSE	FALSE
1528-control	FALSE	FALSE
1528-swap-1	FALSE	FALSE
1528-swap-2	FALSE	FALSE
1529	FALSE	TRUE
1529-control	FALSE	TRUE
1529-swap-1	FALSE	TRUE
1529-swap-2	FALSE	TRUE
1531	FALSE	FALSE
1531-control	FALSE	FALSE
1531-swap-1	FALSE	FALSE
1531-swap-2	FALSE	FALSE
1532	FALSE	TRUE
1532-control	FALSE	TRUE
1532-swap-1	FALSE	TRUE
1532-swap-2	FALSE	TRUE
1533	FALSE	TRUE
1533-control	FALSE	TRUE
1533-swap-1	FALSE	TRUE
1533-swap-2	FALSE	TRUE
1541	FALSE	FALSE
1541-control	FALSE	FALSE
1541-swap-1	FALSE	FALSE
1541-swap-2	FALSE	FALSE
1542	FALSE	FALSE
1542-control	FALSE	FALSE
1542-swap-1	FALSE	FALSE
1542-swap-2	FALSE	FALSE
1550	FALSE	FALSE
1550-control	FALSE	FALSE
1550-swap-1	FALSE	FALSE
1550-swap-2	FALSE	FALSE
1551	FALSE	FALSE
1551-control	FALSE	FALSE
1551-swap-1	FALSE	FALSE
1551-swap-2	FALSE	FALSE
1552	FALSE	FALSE
1552-control	FALSE	FALSE
1552-swap-1	FALSE	TRUE
1552-swap-2	FALSE	FALSE
1553	FALSE	FALSE
1553-control	FALSE	FALSE
1553-swap-1	FALSE	FALSE
1553-swap-2	FALSE	FALSE
1554	FALSE	FALSE
1554-control	FALSE	FALSE
1554-swap-1	FALSE	FALSE
1554-swap-2	FALSE	FALSE
1555	FALSE	FALSE
1555-control	FALSE	FALSE
1555-swap-1	FALSE	FALSE
1555-swap-2	FALSE	FALSE
1556	FALSE	FALSE
1556-control	FALSE	FALSE
1556-swap-1	FALSE	FALSE
1556-swap-2	FALSE	FALSE
1557	FALSE	FALSE
1557-control	FALSE	FALSE
1557-swap-1	FALSE	FALSE
1557-swap-2	FALSE	FALSE
1558	FALSE	FALSE
1558-control	FALSE	FALSE
1558-swap-1	FALSE	FALSE
1558-swap-2	FALSE	FALSE
1559	FALSE	FALSE
1559-control	FALSE	FALSE
1559-swap-1	FALSE	FALSE
1559-swap-2	FALSE	FALSE
1563	FALSE	TRUE
1563-control	FALSE	TRUE
1563-swap-1	FALSE	TRUE
1563-swap-2	FALSE	TRUE
1567	TRUE	FALSE
1567-control	TRUE	FALSE
1567-swap-1	TRUE	FALSE
1567-swap-2	TRUE	FALSE
1569	FALSE	TRUE
1569-control	FALSE	TRUE
1569-swap-1	FALSE	TRUE
1569-swap-2	FALSE	TRUE
1570	TRUE	FALSE
1570-control	TRUE	FALSE
1570-swap-1	TRUE	FALSE
1570-swap-2	TRUE	FALSE
1577	FALSE	TRUE
1577-control	FALSE	TRUE
1577-swap-1	FALSE	TRUE
1577-swap-2	FALSE	TRUE
1578	FALSE	TRUE
1578-control	FALSE	TRUE
1578-swap-1	FALSE	TRUE
1578-swap-2	FALSE	TRUE
1579	FALSE	TRUE
1579-control	FALSE	TRUE
1579-swap-1	FALSE	TRUE
1579-swap-2	FALSE	TRUE
1585	FALSE	TRUE
1585-control	FALSE	TRUE
1585-swap-1	FALSE	TRUE
1585-swap-2	FALSE	TRUE
1586	FALSE	TRUE
1586-control	FALSE	TRUE
1586-swap-1	FALSE	TRUE
1586-swap-2	FALSE	TRUE
1588	FALSE	FALSE
1588-control	FALSE	FALSE
1588-swap-1	FALSE	FALSE
1588-swap-2	FALSE	FALSE
1590	FALSE	FALSE
1590-control	FALSE	FALSE
1590-swap-1	FALSE	FALSE
1590-swap-2	FALSE	FALSE
1605	FALSE	TRUE
1605-control	FALSE	TRUE
1605-swap-1	FALSE	TRUE
1605-swap-2	FALSE	TRUE
1607	FALSE	TRUE
1607-control	FALSE	TRUE
1607-swap-1	FALSE	TRUE
1607-swap-2	FALSE	TRUE
1611	FALSE	FALSE
1611-control	FALSE	FALSE
1611-swap-1	FALSE	FALSE
1611-swap-2	FALSE	FALSE
1612	FALSE	TRUE
1612-control	TRUE	TRUE
1612-swap-1	TRUE	TRUE
1612-swap-2	TRUE	TRUE
1613	FALSE	TRUE
1613-control	TRUE	TRUE
1613-swap-1	TRUE	TRUE
1613-swap-2	TRUE	TRUE
1616	FALSE	TRUE
1616-control	FALSE	TRUE
1616-swap-1	FALSE	TRUE
1616-swap-2	FALSE	TRUE
1627	TRUE	FALSE
1627-control	TRUE	FALSE
1627-swap-1	TRUE	FALSE
1627-swap-2	TRUE	FALSE
1628	TRUE	FALSE
1628-control	TRUE	FALSE
1628-swap-1	TRUE	FALSE
1628-swap-2	TRUE	FALSE
1629	TRUE	FALSE
1629-control	TRUE	FALSE
1629-swap-1	TRUE	FALSE
1629-swap-2	TRUE	FALSE
1631	FALSE	FALSE
1631-control	FALSE	FALSE
1631-swap-1	FALSE	FALSE
1631-swap-2	FALSE	FALSE
1633	FALSE	TRUE
1633-control	FALSE	TRUE
1633-swap-1	FALSE	TRUE
1633-swap-2	FALSE	TRUE
1634	FALSE	FALSE
1634-control	FALSE	FALSE
1634-swap-1	FALSE	FALSE
1634-swap-2	FALSE	FALSE
1635	TRUE	FALSE
1635-control	TRUE	FALSE
1635-swap-1	TRUE	FALSE
1635-swap-2	TRUE	FALSE
1637	TRUE	FALSE
1637-control	TRUE	FALSE
1637-swap-1	TRUE	FALSE
1637-swap-2	TRUE	FALSE
1638	TRUE	FALSE
1638-control	TRUE	FALSE
1638-swap-1	TRUE	FALSE
1638-swap-2	TRUE	FALSE
1639	TRUE	FALSE
1639-control	TRUE	FALSE
1639-swap-1	TRUE	FALSE
1639-swap-2	TRUE	FALSE
1644	TRUE	FALSE
1644-control	FALSE	TRUE
1644-swap-1	FALSE	TRUE
1644-swap-2	TRUE	FALSE
1645	FALSE	FALSE
1645-control	FALSE	TRUE
1645-swap-1	FALSE	TRUE
1645-swap-2	FALSE	TRUE
1649	FALSE	TRUE
1649-control	FALSE	TRUE
1649-swap-1	FALSE	TRUE
1649-swap-2	FALSE	TRUE
1650	FALSE	TRUE
1650-control	FALSE	TRUE
1650-swap-1	FALSE	TRUE
1650-swap-2	FALSE	TRUE
1651	FALSE	TRUE
1651-control	FALSE	TRUE
1651-swap-1	FALSE	TRUE
1651-swap-2	FALSE	TRUE
1654	FALSE	TRUE
1654-control	FALSE	TRUE
1654-swap-1	FALSE	TRUE
1654-swap-2	FALSE	TRUE
1656	FALSE	TRUE
1656-control	FALSE	TRUE
1656-swap-1	FALSE	TRUE
1656-swap-2	FALSE	TRUE
1657	FALSE	FALSE
1657-control	FALSE	FALSE
1657-swap-1	FALSE	FALSE
1657-swap-2	FALSE	FALSE
1658	TRUE	FALSE
1658-control	TRUE	TRUE
1658-swap-1	TRUE	FALSE
1658-swap-2	FALSE	FALSE
1659	FALSE	TRUE
1659-control	FALSE	TRUE
1659-swap-1	FALSE	TRUE
1659-swap-2	FALSE	TRUE
1662	FALSE	TRUE
1662-control	FALSE	TRUE
1662-swap-1	FALSE	TRUE
1662-swap-2	FALSE	TRUE
1663	FALSE	FALSE
1663-control	FALSE	FALSE
1663-swap-1	FALSE	FALSE
1663-swap-2	FALSE	FALSE
1664	TRUE	FALSE
1664-control	TRUE	FALSE
1664-swap-1	TRUE	FALSE
1664-swap-2	TRUE	FALSE
1668	FALSE	TRUE
1668-control	FALSE	TRUE
1668-swap-1	FALSE	TRUE
1668-swap-2	FALSE	TRUE
1670	TRUE	TRUE
1670-control	TRUE	TRUE
1670-swap-1	TRUE	TRUE
1670-swap-2	TRUE	TRUE
1671	TRUE	TRUE
1671-control	TRUE	TRUE
1671-swap-1	TRUE	TRUE
1671-swap-2	TRUE	TRUE
1672	TRUE	TRUE
1672-control	TRUE	TRUE
1672-swap-1	TRUE	TRUE
1672-swap-2	TRUE	TRUE
1674	TRUE	FALSE
1674-control	TRUE	FALSE
1674-swap-1	TRUE	FALSE
1674-swap-2	TRUE	FALSE
1676	TRUE	FALSE
1676-control	TRUE	FALSE
1676-swap-1	TRUE	FALSE
1676-swap-2	TRUE	FALSE
1679	TRUE	FALSE
1679-control	TRUE	FALSE
1679-swap-1	TRUE	FALSE
1679-swap-2	TRUE	FALSE
1681	FALSE	FALSE
1681-control	FALSE	FALSE
1681-swap-1	FALSE	FALSE
1681-swap-2	FALSE	FALSE
1683	TRUE	TRUE
1683-control	TRUE	TRUE
1683-swap-1	FALSE	FALSE
1683-swap-2	FALSE	FALSE
1684	TRUE	TRUE
1684-control	TRUE	TRUE
1684-swap-1	FALSE	FALSE
1684-swap-2	FALSE	FALSE
1685	FALSE	TRUE
1685-control	TRUE	TRUE
1685-swap-1	FALSE	FALSE
1685-swap-2	FALSE	TRUE
1689	FALSE	TRUE
1689-control	FALSE	TRUE
1689-swap-1	TRUE	FALSE
1689-swap-2	FALSE	TRUE
1696	FALSE	FALSE
1696-control	FALSE	FALSE
1696-swap-1	FALSE	FALSE
1696-swap-2	FALSE	FALSE
1697	FALSE	FALSE
1697-control	FALSE	FALSE
1697-swap-1	FALSE	TRUE
1697-swap-2	TRUE	FALSE
1708	FALSE	TRUE
1708-control	FALSE	TRUE
1708-swap-1	FALSE	TRUE
1708-swap-2	FALSE	TRUE
1709	FALSE	FALSE
1709-control	FALSE	FALSE
1709-swap-1	FALSE	FALSE
1709-swap-2	FALSE	FALSE
1715	FALSE	TRUE
1715-control	FALSE	TRUE
1715-swap-1	FALSE	TRUE
1715-swap-2	FALSE	TRUE
1716	FALSE	TRUE
1716-control	FALSE	TRUE
1716-swap-1	FALSE	TRUE
1716-swap-2	FALSE	TRUE
1717	FALSE	TRUE
1717-control	FALSE	TRUE
1717-swap-1	FALSE	TRUE
1717-swap-2	FALSE	TRUE
1718	FALSE	TRUE
1718-control	FALSE	TRUE
1718-swap-1	FALSE	TRUE
1718-swap-2	FALSE	TRUE
1725	FALSE	TRUE
1725-control	FALSE	TRUE
1725-swap-1	FALSE	TRUE
1725-swap-2	FALSE	TRUE
1731	TRUE	FALSE
1731-control	TRUE	FALSE
1731-swap-1	TRUE	FALSE
1731-swap-2	TRUE	FALSE
1735	FALSE	TRUE
1735-control	FALSE	TRUE
1735-swap-1	TRUE	TRUE
1735-swap-2	TRUE	TRUE
1736	FALSE	TRUE
1736-control	FALSE	TRUE
1736-swap-1	FALSE	TRUE
1736-swap-2	FALSE	TRUE
1737	FALSE	FALSE
1737-control	FALSE	FALSE
1737-swap-1	FALSE	FALSE
1737-swap-2	FALSE	FALSE
1739	FALSE	FALSE
1739-control	FALSE	FALSE
1739-swap-1	FALSE	FALSE
1739-swap-2	FALSE	FALSE
1743	FALSE	FALSE
1743-control	FALSE	FALSE
1743-swap-1	FALSE	FALSE
1743-swap-2	FALSE	FALSE
1745	FALSE	FALSE
1745-control	FALSE	FALSE
1745-swap-1	FALSE	FALSE
1745-swap-2	FALSE	FALSE
1748	FALSE	TRUE
1748-control	FALSE	TRUE
1748-swap-1	FALSE	TRUE
1748-swap-2	FALSE	TRUE
1751	FALSE	TRUE
1751-control	FALSE	TRUE
1751-swap-1	FALSE	TRUE
1751-swap-2	FALSE	TRUE
1752	FALSE	FALSE
1752-control	FALSE	FALSE
1752-swap-1	FALSE	FALSE
1752-swap-2	FALSE	FALSE
1753	TRUE	FALSE
1753-control	TRUE	FALSE
1753-swap-1	TRUE	FALSE
1753-swap-2	TRUE	FALSE
1754	TRUE	FALSE
1754-control	TRUE	FALSE
1754-swap-1	TRUE	FALSE
1754-swap-2	TRUE	FALSE
1758	TRUE	FALSE
1758-control	TRUE	FALSE
1758-swap-1	TRUE	FALSE
1758-swap-2	FALSE	FALSE
1759	TRUE	FALSE
1759-control	TRUE	FALSE
1759-swap-1	TRUE	FALSE
1759-swap-2	TRUE	FALSE
1760	TRUE	FALSE
1760-control	TRUE	FALSE
1760-swap-1	TRUE	FALSE
1760-swap-2	TRUE	FALSE
1761	FALSE	TRUE
1761-control	FALSE	TRUE
1761-swap-1	FALSE	TRUE
1761-swap-2	FALSE	TRUE
1762	FALSE	FALSE
1762-control	FALSE	FALSE
1762-swap-1	FALSE	FALSE
1762-swap-2	FALSE	FALSE
1764	FALSE	FALSE
1764-control	FALSE	FALSE
1764-swap-1	FALSE	FALSE
1764-swap-2	FALSE	FALSE
1767	FALSE	TRUE
1767-control	FALSE	TRUE
1767-swap-1	FALSE	TRUE
1767-swap-2	FALSE	TRUE
1769	FALSE	TRUE
1769-control	FALSE	TRUE
1769-swap-1	FALSE	TRUE
1769-swap-2	FALSE	TRUE
1770	FALSE	TRUE
1770-control	FALSE	TRUE
1770-swap-1	FALSE	TRUE
1770-swap-2	FALSE	TRUE
1771	FALSE	TRUE
1771-control	FALSE	FALSE
1771-swap-1	FALSE	FALSE
1771-swap-2	FALSE	FALSE
1772	FALSE	TRUE
1772-control	FALSE	TRUE
1772-swap-1	FALSE	TRUE
1772-swap-2	FALSE	TRUE
1773	TRUE	TRUE
1773-control	FALSE	TRUE
1773-swap-1	FALSE	TRUE
1773-swap-2	FALSE	TRUE
1775	TRUE	FALSE
1775-control	TRUE	FALSE
1775-swap-1	TRUE	FALSE
1775-swap-2	TRUE	FALSE
1780	FALSE	TRUE
1780-control	FALSE	TRUE
1780-swap-1	FALSE	TRUE
1780-swap-2	FALSE	TRUE
1781	FALSE	TRUE
1781-control	FALSE	TRUE
1781-swap-1	FALSE	TRUE
1781-swap-2	FALSE	TRUE
1782	FALSE	FALSE
1782-control	FALSE	FALSE
1782-swap-1	FALSE	FALSE
1782-swap-2	FALSE	FALSE
1783	FALSE	FALSE
1783-control	FALSE	FALSE
1783-swap-1	FALSE	TRUE
1783-swap-2	FALSE	TRUE
1784	FALSE	TRUE
1784-control	TRUE	TRUE
1784-swap-1	TRUE	TRUE
1784-swap-2	FALSE	TRUE
1790	TRUE	FALSE
1790-control	TRUE	FALSE
1790-swap-1	TRUE	FALSE
1790-swap-2	TRUE	FALSE
1791	TRUE	FALSE
1791-control	TRUE	FALSE
1791-swap-1	TRUE	FALSE
1791-swap-2	TRUE	FALSE
1792	FALSE	FALSE
1792-control	FALSE	FALSE
1792-swap-1	FALSE	FALSE
1792-swap-2	FALSE	FALSE
1793	FALSE	FALSE
1793-control	FALSE	FALSE
1793-swap-1	FALSE	FALSE
1793-swap-2	FALSE	FALSE
1805	FALSE	TRUE
1805-control	FALSE	TRUE
1805-swap-1	FALSE	TRUE
1805-swap-2	FALSE	TRUE
1806	FALSE	TRUE
1806-control	FALSE	TRUE
1806-swap-1	FALSE	TRUE
1806-swap-2	FALSE	TRUE
1811	FALSE	FALSE
1811-control	FALSE	FALSE
1811-swap-1	FALSE	FALSE
1811-swap-2	FALSE	FALSE
1812	FALSE	FALSE
1812-control	FALSE	FALSE
1812-swap-1	FALSE	FALSE
1812-swap-2	FALSE	FALSE
1813	FALSE	TRUE
1813-control	FALSE	TRUE
1813-swap-1	FALSE	TRUE
1813-swap-2	FALSE	TRUE
1821	FALSE	TRUE
1821-control	FALSE	TRUE
1821-swap-1	FALSE	TRUE
1821-swap-2	FALSE	TRUE
1822	FALSE	TRUE
1822-control	FALSE	TRUE
1822-swap-1	FALSE	TRUE
1822-swap-2	FALSE	TRUE
1823	FALSE	FALSE
1823-control	FALSE	FALSE
1823-swap-1	FALSE	FALSE
1823-swap-2	FALSE	FALSE
1826	TRUE	FALSE
1826-control	TRUE	FALSE
1826-swap-1	TRUE	FALSE
1826-swap-2	TRUE	FALSE
1827	FALSE	TRUE
1827-control	FALSE	TRUE
1827-swap-1	FALSE	TRUE
1827-swap-2	FALSE	TRUE
1828	FALSE	TRUE
1828-control	FALSE	TRUE
1828-swap-1	FALSE	TRUE
1828-swap-2	FALSE	TRUE
1829	FALSE	TRUE
1829-control	FALSE	TRUE
1829-swap-1	FALSE	TRUE
1829-swap-2	FALSE	TRUE
1830	FALSE	TRUE
1830-control	FALSE	TRUE
1830-swap-1	FALSE	TRUE
1830-swap-2	FALSE	TRUE
1831	FALSE	TRUE
1831-control	FALSE	TRUE
1831-swap-1	FALSE	TRUE
1831-swap-2	FALSE	TRUE
1839	FALSE	TRUE
1839-control	FALSE	TRUE
1839-swap-1	FALSE	TRUE
1839-swap-2	FALSE	TRUE
1847	FALSE	TRUE
1847-control	TRUE	TRUE
1847-swap-1	FALSE	TRUE
1847-swap-2	FALSE	TRUE
1848	FALSE	TRUE
1848-control	TRUE	TRUE
1848-swap-1	FALSE	TRUE
1848-swap-2	FALSE	TRUE
1856	FALSE	TRUE
1856-control	FALSE	TRUE
1856-swap-1	FALSE	TRUE
1856-swap-2	FALSE	TRUE
1858	FALSE	TRUE
1858-control	FALSE	TRUE
1858-swap-1	FALSE	TRUE
1858-swap-2	TRUE	FALSE
1861	FALSE	TRUE
1861-control	TRUE	FALSE
1861-swap-1	FALSE	TRUE
1861-swap-2	TRUE	FALSE
1865	FALSE	TRUE
1865-control	TRUE	FALSE
1865-swap-1	FALSE	TRUE
1865-swap-2	FALSE	TRUE
1872	TRUE	FALSE
1872-control	TRUE	FALSE
1872-swap-1	TRUE	FALSE
1872-swap-2	TRUE	FALSE
1875	FALSE	TRUE
1875-control	TRUE	FALSE
1875-swap-1	FALSE	FALSE
1875-swap-2	FALSE	FALSE
1883	FALSE	TRUE
1883-control	FALSE	TRUE
1883-swap-1	FALSE	TRUE
1883-swap-2	FALSE	TRUE
1885	TRUE	FALSE
1885-control	TRUE	FALSE
1885-swap-1	TRUE	FALSE
1885-swap-2	TRUE	FALSE
1892	FALSE	TRUE
1892-control	FALSE	TRUE
1892-swap-1	FALSE	TRUE
1892-swap-2	FALSE	TRUE
1893	FALSE	TRUE
1893-control	FALSE	TRUE
1893-swap-1	FALSE	TRUE
1893-swap-2	FALSE	TRUE
1894	TRUE	FALSE
1894-control	TRUE	FALSE
1894-swap-1	TRUE	FALSE
1894-swap-2	TRUE	FALSE
1895	TRUE	FALSE
1895-control	TRUE	FALSE
1895-swap-1	TRUE	FALSE
1895-swap-2	TRUE	FALSE
1899	TRUE	FALSE
1899-control	TRUE	FALSE
1899-swap-1	TRUE	FALSE
1899-swap-2	TRUE	FALSE
1904	FALSE	TRUE
1904-control	FALSE	TRUE
1904-swap-1	FALSE	TRUE
1904-swap-2	FALSE	TRUE
1905	FALSE	FALSE
1905-control	FALSE	FALSE
1905-swap-1	FALSE	FALSE
1905-swap-2	FALSE	FALSE
1906	FALSE	FALSE
1906-control	FALSE	FALSE
1906-swap-1	FALSE	FALSE
1906-swap-2	FALSE	FALSE
1908	FALSE	FALSE
1908-control	FALSE	FALSE
1908-swap-1	FALSE	FALSE
1908-swap-2	FALSE	FALSE
1909	FALSE	TRUE
1909-control	FALSE	TRUE
1909-swap-1	FALSE	TRUE
1909-swap-2	FALSE	TRUE
1910	FALSE	FALSE
1910-control	FALSE	FALSE
1910-swap-1	FALSE	FALSE
1910-swap-2	FALSE	FALSE
1925	TRUE	FALSE
1925-control	TRUE	FALSE
1925-swap-1	TRUE	FALSE
1925-swap-2	TRUE	FALSE
1926	FALSE	TRUE
1926-control	FALSE	TRUE
1926-swap-1	FALSE	FALSE
1926-swap-2	FALSE	TRUE
1927	FALSE	TRUE
1927-control	FALSE	TRUE
1927-swap-1	FALSE	FALSE
1927-swap-2	FALSE	TRUE
1930	FALSE	TRUE
1930-control	FALSE	TRUE
1930-swap-1	FALSE	FALSE
1930-swap-2	FALSE	TRUE
1931	TRUE	FALSE
1931-control	TRUE	FALSE
1931-swap-1	TRUE	FALSE
1931-swap-2	TRUE	FALSE
1933	FALSE	TRUE
1933-control	FALSE	TRUE
1933-swap-1	FALSE	TRUE
1933-swap-2	FALSE	TRUE
1934	FALSE	TRUE
1934-control	FALSE	TRUE
1934-swap-1	FALSE	TRUE
1934-swap-2	FALSE	TRUE
1945	TRUE	TRUE
1945-control	TRUE	FALSE
1945-swap-1	TRUE	TRUE
1945-swap-2	TRUE	TRUE
1946	FALSE	FALSE
1946-control	FALSE	FALSE
1946-swap-1	FALSE	FALSE
1946-swap-2	FALSE	FALSE
1947	FALSE	TRUE
1947-control	FALSE	TRUE
1947-swap-1	FALSE	TRUE
1947-swap-2	FALSE	TRUE
1949	FALSE	TRUE
1949-control	FALSE	TRUE
1949-swap-1	FALSE	TRUE
1949-swap-2	FALSE	TRUE
1951	FALSE	FALSE
1951-control	FALSE	FALSE
1951-swap-1	FALSE	FALSE
1951-swap-2	FALSE	FALSE
1952	TRUE	FALSE
1952-control	TRUE	FALSE
1952-swap-1	TRUE	FALSE
1952-swap-2	TRUE	FALSE
1953	TRUE	FALSE
1953-control	TRUE	FALSE
1953-swap-1	TRUE	FALSE
1953-swap-2	TRUE	FALSE
1954	FALSE	FALSE
1954-control	FALSE	FALSE
1954-swap-1	FALSE	FALSE
1954-swap-2	FALSE	FALSE
1955	TRUE	FALSE
1955-control	TRUE	FALSE
1955-swap-1	TRUE	FALSE
1955-swap-2	TRUE	FALSE
1957	TRUE	FALSE
1957-control	TRUE	FALSE
1957-swap-1	TRUE	FALSE
1957-swap-2	TRUE	FALSE
1958	TRUE	FALSE
1958-control	TRUE	FALSE
1958-swap-1	TRUE	FALSE
1958-swap-2	TRUE	FALSE
1960	FALSE	TRUE
1960-control	FALSE	TRUE
1960-swap-1	FALSE	TRUE
1960-swap-2	TRUE	FALSE
1961	FALSE	FALSE
1961-control	FALSE	FALSE
1961-swap-1	FALSE	FALSE
1961-swap-2	FALSE	FALSE
1962	FALSE	TRUE
1962-control	FALSE	TRUE
1962-swap-1	FALSE	TRUE
1962-swap-2	FALSE	TRUE
1963	TRUE	FALSE
1963-control	TRUE	FALSE
1963-swap-1	TRUE	FALSE
1963-swap-2	TRUE	FALSE
1965	TRUE	FALSE
1965-control	TRUE	FALSE
1965-swap-1	TRUE	FALSE
1965-swap-2	TRUE	FALSE
1966	TRUE	FALSE
1966-control	TRUE	FALSE
1966-swap-1	TRUE	FALSE
1966-swap-2	TRUE	FALSE
1969	FALSE	TRUE
1969-control	FALSE	TRUE
1969-swap-1	FALSE	TRUE
1969-swap-2	FALSE	TRUE
1971	TRUE	FALSE
1971-control	TRUE	FALSE
1971-swap-1	TRUE	FALSE
1971-swap-2	TRUE	FALSE
1973	FALSE	TRUE
1973-control	FALSE	TRUE
1973-swap-1	FALSE	TRUE
1973-swap-2	FALSE	TRUE
1975	FALSE	TRUE
1975-control	FALSE	TRUE
1975-swap-1	FALSE	TRUE
1975-swap-2	FALSE	TRUE
1979	TRUE	FALSE
1979-control	TRUE	FALSE
1979-swap-1	TRUE	FALSE
1979-swap-2	TRUE	FALSE
1983	TRUE	FALSE
1983-control	TRUE	FALSE
1983-swap-1	TRUE	FALSE
1983-swap-2	TRUE	FALSE
1985	FALSE	TRUE
1985-control	FALSE	TRUE
1985-swap-1	FALSE	TRUE
1985-swap-2	FALSE	TRUE
1987	FALSE	TRUE
1987-control	FALSE	TRUE
1987-swap-1	FALSE	TRUE
1987-swap-2	FALSE	TRUE
1992	TRUE	FALSE
1992-control	TRUE	FALSE
1992-swap-1	TRUE	FALSE
1992-swap-2	TRUE	FALSE
1994	FALSE	TRUE
1994-control	FALSE	TRUE
1994-swap-1	FALSE	TRUE
1994-swap-2	FALSE	TRUE
1995	FALSE	FALSE
1995-control	FALSE	FALSE
1995-swap-1	FALSE	FALSE
1995-swap-2	FALSE	FALSE
1996	FALSE	TRUE
1996-control	FALSE	TRUE
1996-swap-1	FALSE	TRUE
1996-swap-2	FALSE	TRUE
1997	FALSE	TRUE
1997-control	FALSE	TRUE
1997-swap-1	FALSE	TRUE
1997-swap-2	FALSE	TRUE
1998	FALSE	TRUE
1998-control	FALSE	TRUE
1998-swap-1	FALSE	TRUE
1998-swap-2	FALSE	TRUE
1999	FALSE	FALSE
1999-control	FALSE	FALSE
1999-swap-1	FALSE	TRUE
1999-swap-2	FALSE	TRUE
2002	TRUE	TRUE
2002-control	FALSE	TRUE
2002-swap-1	TRUE	TRUE
2002-swap-2	FALSE	TRUE
2003	TRUE	FALSE
2003-control	TRUE	FALSE
2003-swap-1	TRUE	FALSE
2003-swap-2	TRUE	FALSE
2011	FALSE	TRUE
2011-control	FALSE	TRUE
2011-swap-1	FALSE	TRUE
2011-swap-2	FALSE	TRUE
2013	FALSE	TRUE
2013-control	FALSE	TRUE
2013-swap-1	FALSE	TRUE
2013-swap-2	FALSE	TRUE
2014	FALSE	TRUE
2014-control	FALSE	TRUE
2014-swap-1	FALSE	FALSE
2014-swap-2	FALSE	TRUE
2017	FALSE	TRUE
2017-control	FALSE	TRUE
2017-swap-1	FALSE	TRUE
2017-swap-2	FALSE	TRUE
2021	FALSE	FALSE
2021-control	FALSE	FALSE
2021-swap-1	FALSE	TRUE
2021-swap-2	FALSE	TRUE
2025	FALSE	TRUE
2025-control	FALSE	TRUE
2025-swap-1	FALSE	TRUE
2025-swap-2	FALSE	TRUE
2026	FALSE	TRUE
2026-control	FALSE	TRUE
2026-swap-1	FALSE	TRUE
2026-swap-2	FALSE	TRUE
2027	FALSE	TRUE
2027-control	FALSE	TRUE
2027-swap-1	FALSE	TRUE
2027-swap-2	FALSE	TRUE
2031	FALSE	TRUE
2031-control	FALSE	TRUE
2031-swap-1	FALSE	TRUE
2031-swap-2	FALSE	TRUE
2033	FALSE	TRUE
2033-control	FALSE	TRUE
2033-swap-1	FALSE	TRUE
2033-swap-2	FALSE	TRUE
2034	FALSE	TRUE
2034-control	FALSE	TRUE
2034-swap-1	FALSE	TRUE
2034-swap-2	FALSE	TRUE
2036	FALSE	TRUE
2036-control	FALSE	TRUE
2036-swap-1	FALSE	TRUE
2036-swap-2	TRUE	TRUE
2038	FALSE	FALSE
2038-control	FALSE	FALSE
2038-swap-1	FALSE	FALSE
2038-swap-2	FALSE	FALSE
2042	FALSE	FALSE
2042-control	FALSE	TRUE
2042-swap-1	TRUE	FALSE
2042-swap-2	FALSE	TRUE
2045	TRUE	FALSE
2045-control	FALSE	FALSE
2045-swap-1	FALSE	FALSE
2045-swap-2	FALSE	FALSE
2052	TRUE	FALSE
2052-control	TRUE	FALSE
2052-swap-1	TRUE	TRUE
2052-swap-2	TRUE	TRUE
2053	FALSE	TRUE
2053-control	FALSE	TRUE
2053-swap-1	FALSE	TRUE
2053-swap-2	FALSE	TRUE
2059	TRUE	FALSE
2059-control	TRUE	FALSE
2059-swap-1	TRUE	FALSE
2059-swap-2	TRUE	FALSE
2060	TRUE	FALSE
2060-control	TRUE	FALSE
2060-swap-1	TRUE	FALSE
2060-swap-2	TRUE	FALSE
2065	FALSE	TRUE
2065-control	FALSE	TRUE
2065-swap-1	FALSE	TRUE
2065-swap-2	FALSE	TRUE
2069	TRUE	FALSE
2069-control	TRUE	FALSE
2069-swap-1	TRUE	FALSE
2069-swap-2	TRUE	FALSE
2071	TRUE	FALSE
2071-control	TRUE	FALSE
2071-swap-1	TRUE	FALSE
2071-swap-2	TRUE	FALSE
2074	TRUE	FALSE
2074-control	TRUE	FALSE
2074-swap-1	TRUE	FALSE
2074-swap-2	TRUE	FALSE
2079	FALSE	TRUE
2079-control	FALSE	TRUE
2079-swap-1	FALSE	TRUE
2079-swap-2	FALSE	TRUE
2091	FALSE	FALSE
2091-control	FALSE	FALSE
2091-swap-1	FALSE	FALSE
2091-swap-2	FALSE	FALSE
2092	FALSE	TRUE
2092-control	FALSE	TRUE
2092-swap-1	FALSE	TRUE
2092-swap-2	FALSE	TRUE
2093	FALSE	TRUE
2093-control	FALSE	TRUE
2093-swap-1	TRUE	TRUE
2093-swap-2	FALSE	TRUE
2101	FALSE	TRUE
2101-control	FALSE	TRUE
2101-swap-1	FALSE	FALSE
2101-swap-2	FALSE	TRUE
2107	FALSE	FALSE
2107-control	FALSE	FALSE
2107-swap-1	FALSE	FALSE
2107-swap-2	FALSE	FALSE
2113	FALSE	FALSE
2113-control	FALSE	FALSE
2113-swap-1	FALSE	FALSE
2113-swap-2	FALSE	FALSE
2115	FALSE	TRUE
2115-control	FALSE	TRUE
2115-swap-1	FALSE	TRUE
2115-swap-2	FALSE	TRUE
2118	FALSE	TRUE
2118-control	FALSE	TRUE
2118-swap-1	FALSE	TRUE
2118-swap-2	FALSE	TRUE
2119	FALSE	TRUE
2119-control	FALSE	TRUE
2119-swap-1	FALSE	TRUE
2119-swap-2	FALSE	TRUE
2122	FALSE	TRUE
2122-control	FALSE	TRUE
2122-swap-1	TRUE	FALSE
2122-swap-2	FALSE	TRUE
2132	FALSE	TRUE
2132-control	FALSE	TRUE
2132-swap-1	FALSE	TRUE
2132-swap-2	FALSE	TRUE
2136	FALSE	TRUE
2136-control	FALSE	TRUE
2136-swap-1	FALSE	TRUE
2136-swap-2	FALSE	TRUE
2143	FALSE	TRUE
2143-control	FALSE	TRUE
2143-swap-1	FALSE	FALSE
2143-swap-2	FALSE	TRUE
2144	TRUE	FALSE
2144-control	TRUE	FALSE
2144-swap-1	TRUE	FALSE
2144-swap-2	TRUE	FALSE
2145	FALSE	TRUE
2145-control	FALSE	TRUE
2145-swap-1	FALSE	TRUE
2145-swap-2	FALSE	TRUE
2147	TRUE	FALSE
2147-control	TRUE	FALSE
2147-swap-1	TRUE	FALSE
2147-swap-2	TRUE	FALSE
2148	TRUE	FALSE
2148-control	TRUE	FALSE
2148-swap-1	TRUE	FALSE
2148-swap-2	TRUE	FALSE
2149	FALSE	TRUE
2149-control	FALSE	TRUE
2149-swap-1	TRUE	TRUE
2149-swap-2	TRUE	FALSE
2151	TRUE	FALSE
2151-control	TRUE	FALSE
2151-swap-1	TRUE	FALSE
2151-swap-2	TRUE	FALSE
2152	FALSE	TRUE
2152-control	FALSE	TRUE
2152-swap-1	FALSE	TRUE
2152-swap-2	FALSE	TRUE
2153	FALSE	TRUE
2153-control	FALSE	TRUE
2153-swap-1	FALSE	TRUE
2153-swap-2	FALSE	TRUE
2156	FALSE	TRUE
2156-control	FALSE	TRUE
2156-swap-1	FALSE	TRUE
2156-swap-2	FALSE	TRUE
2158	FALSE	FALSE
2158-control	FALSE	FALSE
2158-swap-1	FALSE	FALSE
2158-swap-2	FALSE	FALSE
2159	FALSE	TRUE
2159-control	FALSE	TRUE
2159-swap-1	FALSE	TRUE
2159-swap-2	FALSE	TRUE
2162	FALSE	TRUE
2162-control	FALSE	TRUE
2162-swap-1	FALSE	TRUE
2162-swap-2	FALSE	TRUE
2163	FALSE	TRUE
2163-control	FALSE	TRUE
2163-swap-1	FALSE	TRUE
2163-swap-2	FALSE	TRUE
2164	FALSE	TRUE
2164-control	FALSE	TRUE
2164-swap-1	FALSE	TRUE
2164-swap-2	FALSE	TRUE
2165	TRUE	FALSE
2165-control	TRUE	FALSE
2165-swap-1	TRUE	FALSE
2165-swap-2	TRUE	FALSE
2166	TRUE	FALSE
2166-control	TRUE	FALSE
2166-swap-1	TRUE	FALSE
2166-swap-2	TRUE	FALSE
2169	FALSE	TRUE
2169-control	FALSE	TRUE
2169-swap-1	FALSE	TRUE
2169-swap-2	FALSE	TRUE
2171	FALSE	TRUE
2171-control	FALSE	TRUE
2171-swap-1	FALSE	TRUE
2171-swap-2	FALSE	TRUE
2173	FALSE	TRUE
2173-control	FALSE	TRUE
2173-swap-1	FALSE	TRUE
2173-swap-2	FALSE	TRUE
2175	FALSE	FALSE
2175-control	FALSE	FALSE
2175-swap-1	FALSE	FALSE
2175-swap-2	FALSE	FALSE
2176	FALSE	FALSE
2176-control	FALSE	TRUE
2176-swap-1	FALSE	TRUE
2176-swap-2	FALSE	TRUE
2180	FALSE	TRUE
2180-control	FALSE	TRUE
2180-swap-1	FALSE	TRUE
2180-swap-2	FALSE	TRUE
2181	FALSE	TRUE
2181-control	FALSE	TRUE
2181-swap-1	FALSE	TRUE
2181-swap-2	FALSE	TRUE
2182	FALSE	TRUE
2182-control	FALSE	TRUE
2182-swap-1	FALSE	TRUE
2182-swap-2	FALSE	TRUE
2183	FALSE	TRUE
2183-control	FALSE	TRUE
2183-swap-1	FALSE	TRUE
2183-swap-2	FALSE	TRUE
2184	FALSE	TRUE
2184-control	FALSE	TRUE
2184-swap-1	FALSE	TRUE
2184-swap-2	FALSE	TRUE
2186	FALSE	TRUE
2186-control	FALSE	TRUE
2186-swap-1	FALSE	TRUE
2186-swap-2	FALSE	TRUE
2188	FALSE	TRUE
2188-control	FALSE	TRUE
2188-swap-1	FALSE	TRUE
2188-swap-2	FALSE	TRUE
2193	FALSE	FALSE
2193-control	FALSE	TRUE
2193-swap-1	FALSE	FALSE
2193-swap-2	FALSE	TRUE
2194	FALSE	FALSE
2194-control	FALSE	TRUE
2194-swap-1	FALSE	FALSE
2194-swap-2	FALSE	TRUE
2199	FALSE	TRUE
2199-control	FALSE	TRUE
2199-swap-1	FALSE	TRUE
2199-swap-2	FALSE	TRUE
2202	FALSE	TRUE
2202-control	FALSE	TRUE
2202-swap-1	FALSE	TRUE
2202-swap-2	FALSE	TRUE
2207	FALSE	TRUE
2207-control	FALSE	TRUE
2207-swap-1	FALSE	TRUE
2207-swap-2	FALSE	TRUE
2208	FALSE	FALSE
2208-control	FALSE	FALSE
2208-swap-1	FALSE	FALSE
2208-swap-2	FALSE	FALSE
2209	FALSE	TRUE
2209-control	FALSE	TRUE
2209-swap-1	FALSE	TRUE
2209-swap-2	FALSE	TRUE
2210	FALSE	TRUE
2210-control	FALSE	TRUE
2210-swap-1	FALSE	TRUE
2210-swap-2	FALSE	TRUE
2211	FALSE	TRUE
2211-control	FALSE	TRUE
2211-swap-1	FALSE	TRUE
2211-swap-2	FALSE	TRUE
2212	FALSE	TRUE
2212-control	FALSE	TRUE
2212-swap-1	FALSE	TRUE
2212-swap-2	FALSE	TRUE
2213	FALSE	FALSE
2213-control	FALSE	FALSE
2213-swap-1	FALSE	FALSE
2213-swap-2	FALSE	FALSE
2218	FALSE	FALSE
2218-control	FALSE	FALSE
2218-swap-1	FALSE	FALSE
2218-swap-2	FALSE	FALSE
2220	TRUE	TRUE
2220-control	FALSE	TRUE
2220-swap-1	FALSE	TRUE
2220-swap-2	FALSE	TRUE
2224	FALSE	TRUE
2224-control	FALSE	TRUE
2224-swap-1	FALSE	TRUE
2224-swap-2	FALSE	TRUE
2230	FALSE	FALSE
2230-control	FALSE	FALSE
2230-swap-1	FALSE	FALSE
2230-swap-2	FALSE	FALSE
2233	FALSE	TRUE
2233-control	FALSE	TRUE
2233-swap-1	TRUE	FALSE
2233-swap-2	TRUE	FALSE
2234	FALSE	TRUE
2234-control	FALSE	TRUE
2234-swap-1	TRUE	FALSE
2234-swap-2	TRUE	FALSE
2237	FALSE	TRUE
2237-control	FALSE	TRUE
2237-swap-1	FALSE	TRUE
2237-swap-2	FALSE	TRUE
2238	FALSE	TRUE
2238-control	FALSE	TRUE
2238-swap-1	FALSE	TRUE
2238-swap-2	FALSE	TRUE
2240	TRUE	FALSE
2240-control	FALSE	TRUE
2240-swap-1	FALSE	TRUE
2240-swap-2	TRUE	FALSE
2246	FALSE	TRUE
2246-control	FALSE	TRUE
2246-swap-1	FALSE	TRUE
2246-swap-2	FALSE	TRUE
2250	FALSE	TRUE
2250-control	FALSE	TRUE
2250-swap-1	FALSE	TRUE
2250-swap-2	FALSE	TRUE
2252	FALSE	TRUE
2252-control	FALSE	TRUE
2252-swap-1	FALSE	TRUE
2252-swap-2	FALSE	TRUE
2253	FALSE	FALSE
2253-control	FALSE	FALSE
2253-swap-1	FALSE	FALSE
2253-swap-2	FALSE	FALSE
2254	FALSE	TRUE
2254-control	FALSE	TRUE
2254-swap-1	FALSE	TRUE
2254-swap-2	FALSE	TRUE
2255	FALSE	TRUE
2255-control	FALSE	TRUE
2255-swap-1	FALSE	TRUE
2255-swap-2	FALSE	TRUE
2256	FALSE	TRUE
2256-control	FALSE	TRUE
2256-swap-1	FALSE	TRUE
2256-swap-2	FALSE	TRUE
2257	FALSE	TRUE
2257-control	FALSE	TRUE
2257-swap-1	FALSE	TRUE
2257-swap-2	FALSE	TRUE
2258	FALSE	FALSE
2258-control	FALSE	FALSE
2258-swap-1	FALSE	FALSE
2258-swap-2	FALSE	FALSE
2259	FALSE	FALSE
2259-control	FALSE	FALSE
2259-swap-1	FALSE	FALSE
2259-swap-2	FALSE	FALSE
2260	FALSE	FALSE
2260-control	FALSE	FALSE
2260-swap-1	FALSE	FALSE
2260-swap-2	FALSE	FALSE
2261	TRUE	FALSE
2261-control	TRUE	FALSE
2261-swap-1	TRUE	FALSE
2261-swap-2	TRUE	FALSE
2264	FALSE	TRUE
2264-control	FALSE	TRUE
2264-swap-1	FALSE	TRUE
2264-swap-2	FALSE	TRUE
2265	FALSE	TRUE
2265-control	FALSE	TRUE
2265-swap-1	FALSE	TRUE
2265-swap-2	FALSE	TRUE
2266	FALSE	TRUE
2266-control	FALSE	TRUE
2266-swap-1	FALSE	TRUE
2266-swap-2	FALSE	TRUE
2267	FALSE	TRUE
2267-control	FALSE	TRUE
2267-swap-1	FALSE	TRUE
2267-swap-2	FALSE	TRUE
2268	FALSE	TRUE
2268-control	FALSE	TRUE
2268-swap-1	FALSE	TRUE
2268-swap-2	FALSE	TRUE
2269	FALSE	TRUE
2269-control	FALSE	TRUE
2269-swap-1	FALSE	TRUE
2269-swap-2	FALSE	TRUE
2271	TRUE	FALSE
2271-control	TRUE	FALSE
2271-swap-1	TRUE	FALSE
2271-swap-2	TRUE	FALSE
2276	FALSE	TRUE
2276-control	FALSE	TRUE
2276-swap-1	FALSE	TRUE
2276-swap-2	FALSE	TRUE
2277	FALSE	TRUE
2277-control	FALSE	TRUE
2277-swap-1	FALSE	TRUE
2277-swap-2	FALSE	TRUE
2280	FALSE	FALSE
2280-control	FALSE	FALSE
2280-swap-1	FALSE	FALSE
2280-swap-2	FALSE	FALSE
2281	FALSE	TRUE
2281-control	FALSE	TRUE
2281-swap-1	FALSE	TRUE
2281-swap-2	FALSE	TRUE
2285	FALSE	TRUE
2285-control	FALSE	TRUE
2285-swap-1	FALSE	TRUE
2285-swap-2	FALSE	TRUE
2290	FALSE	TRUE
2290-control	FALSE	TRUE
2290-swap-1	FALSE	TRUE
2290-swap-2	FALSE	TRUE
2291	FALSE	TRUE
2291-control	FALSE	TRUE
2291-swap-1	FALSE	TRUE
2291-swap-2	FALSE	TRUE
2293	FALSE	TRUE
2293-control	FALSE	TRUE
2293-swap-1	FALSE	TRUE
2293-swap-2	FALSE	TRUE
2294	FALSE	TRUE
2294-control	FALSE	TRUE
2294-swap-1	FALSE	TRUE
2294-swap-2	FALSE	TRUE
2299	FALSE	TRUE
2299-control	FALSE	TRUE
2299-swap-1	FALSE	TRUE
2299-swap-2	FALSE	TRUE
2304	FALSE	FALSE
2304-control	FALSE	FALSE
2304-swap-1	FALSE	FALSE
2304-swap-2	FALSE	FALSE
2305	FALSE	TRUE
2305-control	FALSE	TRUE
2305-swap-1	FALSE	TRUE
2305-swap-2	FALSE	TRUE
2306	TRUE	FALSE
2306-control	TRUE	FALSE
2306-swap-1	TRUE	FALSE
2306-swap-2	TRUE	FALSE
2307	TRUE	FALSE
2307-control	TRUE	FALSE
2307-swap-1	TRUE	FALSE
2307-swap-2	TRUE	FALSE
2308	FALSE	TRUE
2308-control	FALSE	TRUE
2308-swap-1	FALSE	TRUE
2308-swap-2	FALSE	TRUE
2311	FALSE	TRUE
2311-control	FALSE	TRUE
2311-swap-1	FALSE	TRUE
2311-swap-2	FALSE	TRUE
2315	FALSE	TRUE
2315-control	FALSE	TRUE
2315-swap-1	FALSE	TRUE
2315-swap-2	FALSE	TRUE
2316	FALSE	TRUE
2316-control	FALSE	TRUE
2316-swap-1	FALSE	TRUE
2316-swap-2	FALSE	TRUE
2319	FALSE	TRUE
2319-control	FALSE	TRUE
2319-swap-1	FALSE	TRUE
2319-swap-2	FALSE	TRUE
2320	FALSE	TRUE
2320-control	FALSE	TRUE
2320-swap-1	FALSE	TRUE
2320-swap-2	FALSE	TRUE
2327	FALSE	TRUE
2327-control	FALSE	TRUE
2327-swap-1	FALSE	TRUE
2327-swap-2	FALSE	TRUE
2331	TRUE	FALSE
2331-control	TRUE	FALSE
2331-swap-1	TRUE	FALSE
2331-swap-2	TRUE	FALSE
2334	TRUE	FALSE
2334-control	TRUE	FALSE
2334-swap-1	TRUE	FALSE
2334-swap-2	TRUE	FALSE
2337	FALSE	TRUE
2337-control	FALSE	TRUE
2337-swap-1	FALSE	TRUE
2337-swap-2	FALSE	TRUE
2340	TRUE	FALSE
2340-control	TRUE	FALSE
2340-swap-1	TRUE	FALSE
2340-swap-2	TRUE	FALSE
2343	FALSE	TRUE
2343-control	FALSE	TRUE
2343-swap-1	FALSE	TRUE
2343-swap-2	FALSE	TRUE
2349	FALSE	FALSE
2349-control	FALSE	FALSE
2349-swap-1	FALSE	FALSE
2349-swap-2	FALSE	FALSE
2353	FALSE	FALSE
2353-control	FALSE	FALSE
2353-swap-1	FALSE	FALSE
2353-swap-2	FALSE	FALSE
2354	TRUE	FALSE
2354-control	TRUE	FALSE
2354-swap-1	TRUE	FALSE
2354-swap-2	TRUE	FALSE
2358	FALSE	FALSE
2358-control	FALSE	FALSE
2358-swap-1	FALSE	FALSE
2358-swap-2	FALSE	FALSE
2360	TRUE	FALSE
2360-control	TRUE	FALSE
2360-swap-1	TRUE	FALSE
2360-swap-2	TRUE	FALSE
2362	TRUE	FALSE
2362-control	TRUE	FALSE
2362-swap-1	TRUE	FALSE
2362-swap-2	TRUE	FALSE
2368	TRUE	FALSE
2368-control	TRUE	FALSE
2368-swap-1	TRUE	FALSE
2368-swap-2	TRUE	FALSE
2369	TRUE	FALSE
2369-control	TRUE	FALSE
2369-swap-1	TRUE	FALSE
2369-swap-2	TRUE	FALSE
2372	FALSE	FALSE
2372-control	FALSE	FALSE
2372-swap-1	FALSE	FALSE
2372-swap-2	FALSE	FALSE
2374	TRUE	FALSE
2374-control	TRUE	FALSE
2374-swap-1	TRUE	FALSE
2374-swap-2	TRUE	FALSE
2375	FALSE	TRUE
2375-control	FALSE	TRUE
2375-swap-1	FALSE	TRUE
2375-swap-2	FALSE	TRUE
2378	FALSE	TRUE
2378-control	FALSE	TRUE
2378-swap-1	FALSE	FALSE
2378-swap-2	FALSE	TRUE
2379	FALSE	TRUE
2379-control	FALSE	TRUE
2379-swap-1	FALSE	FALSE
2379-swap-2	FALSE	TRUE
2380	FALSE	TRUE
2380-control	FALSE	TRUE
2380-swap-1	FALSE	TRUE
2380-swap-2	FALSE	TRUE
2382	TRUE	FALSE
2382-control	FALSE	FALSE
2382-swap-1	TRUE	FALSE
2382-swap-2	TRUE	FALSE
2383	FALSE	TRUE
2383-control	FALSE	TRUE
2383-swap-1	FALSE	FALSE
2383-swap-2	FALSE	TRUE
2384	TRUE	FALSE
2384-control	TRUE	FALSE
2384-swap-1	TRUE	TRUE
2384-swap-2	TRUE	FALSE
2385	FALSE	TRUE
2385-control	FALSE	TRUE
2385-swap-1	FALSE	TRUE
2385-swap-2	FALSE	TRUE
2389	TRUE	FALSE
2389-control	TRUE	FALSE
2389-swap-1	TRUE	FALSE
2389-swap-2	TRUE	FALSE
2393	FALSE	TRUE
2393-control	FALSE	TRUE
2393-swap-1	FALSE	TRUE
2393-swap-2	FALSE	TRUE
2398	FALSE	TRUE
2398-control	FALSE	TRUE
2398-swap-1	FALSE	TRUE
2398-swap-2	FALSE	TRUE
2403	TRUE	FALSE
2403-control	TRUE	FALSE
2403-swap-1	TRUE	FALSE
2403-swap-2	TRUE	FALSE
2409	FALSE	TRUE
2409-control	FALSE	TRUE
2409-swap-1	FALSE	TRUE
2409-swap-2	FALSE	TRUE
2410	FALSE	TRUE
2410-control	FALSE	TRUE
2410-swap-1	FALSE	TRUE
2410-swap-2	FALSE	TRUE
2417	TRUE	FALSE
2417-control	TRUE	FALSE
2417-swap-1	TRUE	FALSE
2417-swap-2	TRUE	FALSE
2419	FALSE	FALSE
2419-control	FALSE	FALSE
2419-swap-1	FALSE	FALSE
2419-swap-2	FALSE	FALSE
2420	FALSE	TRUE
2420-control	FALSE	TRUE
2420-swap-1	FALSE	TRUE
2420-swap-2	FALSE	TRUE
2421	FALSE	TRUE
2421-control	FALSE	TRUE
2421-swap-1	FALSE	TRUE
2421-swap-2	FALSE	TRUE
2423	TRUE	FALSE
2423-control	TRUE	TRUE
2423-swap-1	TRUE	FALSE
2423-swap-2	TRUE	FALSE
2424	FALSE	TRUE
2424-control	TRUE	TRUE
2424-swap-1	FALSE	TRUE
2424-swap-2	FALSE	TRUE
2425	FALSE	FALSE
2425-control	FALSE	FALSE
2425-swap-1	FALSE	FALSE
2425-swap-2	FALSE	FALSE
2426	TRUE	TRUE
2426-control	FALSE	TRUE
2426-swap-1	FALSE	TRUE
2426-swap-2	FALSE	TRUE
2429	FALSE	FALSE
2429-control	FALSE	FALSE
2429-swap-1	FALSE	TRUE
2429-swap-2	FALSE	TRUE
2430	FALSE	TRUE
2430-control	FALSE	TRUE
2430-swap-1	FALSE	TRUE
2430-swap-2	FALSE	TRUE
2432	FALSE	TRUE
2432-control	FALSE	TRUE
2432-swap-1	FALSE	TRUE
2432-swap-2	FALSE	TRUE
2435	FALSE	TRUE
2435-control	FALSE	TRUE
2435-swap-1	FALSE	TRUE
2435-swap-2	FALSE	TRUE
2436	FALSE	TRUE
2436-control	FALSE	TRUE
2436-swap-1	FALSE	TRUE
2436-swap-2	FALSE	TRUE
2438	FALSE	TRUE
2438-control	FALSE	TRUE
2438-swap-1	FALSE	TRUE
2438-swap-2	FALSE	TRUE
2440	FALSE	FALSE
2440-control	FALSE	FALSE
2440-swap-1	FALSE	FALSE
2440-swap-2	FALSE	FALSE
2444	TRUE	FALSE
2444-control	TRUE	FALSE
2444-swap-1	TRUE	FALSE
2444-swap-2	TRUE	FALSE
2457	FALSE	TRUE
2457-control	FALSE	TRUE
2457-swap-1	FALSE	TRUE
2457-swap-2	FALSE	TRUE
2458	TRUE	FALSE
2458-control	TRUE	FALSE
2458-swap-1	TRUE	FALSE
2458-swap-2	TRUE	FALSE
2460	TRUE	FALSE
2460-control	TRUE	FALSE
2460-swap-1	TRUE	FALSE
2460-swap-2	TRUE	FALSE
2462	TRUE	FALSE
2462-control	TRUE	FALSE
2462-swap-1	TRUE	FALSE
2462-swap-2	TRUE	FALSE
2463	FALSE	TRUE
2463-control	FALSE	TRUE
2463-swap-1	FALSE	TRUE
2463-swap-2	FALSE	TRUE
2464	FALSE	TRUE
2464-control	FALSE	TRUE
2464-swap-1	FALSE	TRUE
2464-swap-2	FALSE	TRUE
2465	FALSE	TRUE
2465-control	FALSE	TRUE
2465-swap-1	FALSE	TRUE
2465-swap-2	FALSE	TRUE
2467	FALSE	TRUE
2467-control	FALSE	TRUE
2467-swap-1	FALSE	TRUE
2467-swap-2	FALSE	TRUE
2468	FALSE	FALSE
2468-control	FALSE	FALSE
2468-swap-1	FALSE	FALSE
2468-swap-2	FALSE	FALSE
2475	FALSE	TRUE
2475-control	FALSE	TRUE
2475-swap-1	FALSE	TRUE
2475-swap-2	FALSE	TRUE
2476	FALSE	TRUE
2476-control	FALSE	TRUE
2476-swap-1	FALSE	TRUE
2476-swap-2	FALSE	TRUE
2477	FALSE	TRUE
2477-control	FALSE	TRUE
2477-swap-1	FALSE	TRUE
2477-swap-2	FALSE	TRUE
2479	FALSE	TRUE
2479-control	FALSE	TRUE
2479-swap-1	FALSE	TRUE
2479-swap-2	FALSE	TRUE
2480	FALSE	TRUE
2480-control	FALSE	TRUE
2480-swap-1	FALSE	TRUE
2480-swap-2	FALSE	TRUE
2481	FALSE	TRUE
2481-control	FALSE	TRUE
2481-swap-1	FALSE	TRUE
2481-swap-2	FALSE	TRUE
2482	FALSE	TRUE
2482-control	FALSE	TRUE
2482-swap-1	FALSE	TRUE
2482-swap-2	FALSE	FALSE
2484	FALSE	TRUE
2484-control	FALSE	TRUE
2484-swap-1	FALSE	TRUE
2484-swap-2	FALSE	FALSE
2485	TRUE	FALSE
2485-control	TRUE	FALSE
2485-swap-1	FALSE	TRUE
2485-swap-2	TRUE	FALSE
2487	FALSE	TRUE
2487-control	FALSE	TRUE
2487-swap-1	FALSE	TRUE
2487-swap-2	FALSE	TRUE
2488	FALSE	TRUE
2488-control	FALSE	TRUE
2488-swap-1	FALSE	TRUE
2488-swap-2	FALSE	TRUE
2489	FALSE	TRUE
2489-control	FALSE	TRUE
2489-swap-1	FALSE	TRUE
2489-swap-2	FALSE	TRUE
2492	FALSE	TRUE
2492-control	FALSE	TRUE
2492-swap-1	FALSE	TRUE
2492-swap-2	FALSE	TRUE
2493	FALSE	TRUE
2493-control	FALSE	TRUE
2493-swap-1	FALSE	TRUE
2493-swap-2	FALSE	TRUE
2494	FALSE	TRUE
2494-control	FALSE	TRUE
2494-swap-1	FALSE	TRUE
2494-swap-2	FALSE	TRUE
2496	FALSE	TRUE
2496-control	FALSE	TRUE
2496-swap-1	FALSE	TRUE
2496-swap-2	FALSE	TRUE
2497	TRUE	FALSE
2497-control	TRUE	FALSE
2497-swap-1	TRUE	FALSE
2497-swap-2	TRUE	FALSE
2502	TRUE	FALSE
2502-control	TRUE	FALSE
2502-swap-1	TRUE	FALSE
2502-swap-2	TRUE	FALSE
2503	TRUE	TRUE
2503-control	TRUE	TRUE
2503-swap-1	TRUE	TRUE
2503-swap-2	TRUE	TRUE
2504	TRUE	TRUE
2504-control	TRUE	TRUE
2504-swap-1	TRUE	TRUE
2504-swap-2	TRUE	TRUE
2505	TRUE	TRUE
2505-control	TRUE	TRUE
2505-swap-1	TRUE	TRUE
2505-swap-2	TRUE	TRUE
2506	TRUE	FALSE
2506-control	TRUE	FALSE
2506-swap-1	TRUE	FALSE
2506-swap-2	TRUE	FALSE
2511	FALSE	FALSE
2511-control	FALSE	FALSE
2511-swap-1	FALSE	FALSE
2511-swap-2	FALSE	FALSE
2516	FALSE	TRUE
2516-control	FALSE	TRUE
2516-swap-1	FALSE	TRUE
2516-swap-2	FALSE	TRUE
2517	FALSE	TRUE
2517-control	FALSE	TRUE
2517-swap-1	FALSE	TRUE
2517-swap-2	FALSE	TRUE
2518	FALSE	TRUE
2518-control	FALSE	TRUE
2518-swap-1	FALSE	TRUE
2518-swap-2	FALSE	TRUE
2521	FALSE	FALSE
2521-control	FALSE	FALSE
2521-swap-1	FALSE	FALSE
2521-swap-2	FALSE	FALSE
2524	TRUE	FALSE
2524-control	TRUE	FALSE
2524-swap-1	TRUE	FALSE
2524-swap-2	TRUE	FALSE
2525	FALSE	TRUE
2525-control	FALSE	TRUE
2525-swap-1	FALSE	TRUE
2525-swap-2	FALSE	TRUE
2526	FALSE	TRUE
2526-control	FALSE	TRUE
2526-swap-1	FALSE	TRUE
2526-swap-2	FALSE	TRUE
2529	FALSE	FALSE
2529-control	FALSE	FALSE
2529-swap-1	FALSE	FALSE
2529-swap-2	FALSE	FALSE
2532	FALSE	TRUE
2532-control	FALSE	TRUE
2532-swap-1	FALSE	TRUE
2532-swap-2	FALSE	TRUE
2533	FALSE	TRUE
2533-control	FALSE	TRUE
2533-swap-1	FALSE	TRUE
2533-swap-2	FALSE	TRUE
2534	FALSE	FALSE
2534-control	FALSE	FALSE
2534-swap-1	FALSE	FALSE
2534-swap-2	FALSE	FALSE
2535	FALSE	FALSE
2535-control	FALSE	FALSE
2535-swap-1	FALSE	FALSE
2535-swap-2	FALSE	FALSE
2537	FALSE	FALSE
2537-control	FALSE	FALSE
2537-swap-1	TRUE	FALSE
2537-swap-2	TRUE	FALSE
2538	TRUE	FALSE
2538-control	TRUE	FALSE
2538-swap-1	TRUE	FALSE
2538-swap-2	TRUE	FALSE
2540	FALSE	FALSE
2540-control	FALSE	FALSE
2540-swap-1	FALSE	FALSE
2540-swap-2	FALSE	FALSE
2542	FALSE	TRUE
2542-control	FALSE	TRUE
2542-swap-1	FALSE	TRUE
2542-swap-2	FALSE	TRUE
2543	TRUE	FALSE
2543-control	TRUE	FALSE
2543-swap-1	TRUE	FALSE
2543-swap-2	TRUE	FALSE
2545	FALSE	TRUE
2545-control	TRUE	TRUE
2545-swap-1	TRUE	TRUE
2545-swap-2	TRUE	FALSE
2547	FALSE	TRUE
2547-control	FALSE	TRUE
2547-swap-1	FALSE	TRUE
2547-swap-2	FALSE	TRUE
2548	FALSE	FALSE
2548-control	FALSE	FALSE
2548-swap-1	FALSE	FALSE
2548-swap-2	FALSE	FALSE
2549	FALSE	TRUE
2549-control	FALSE	TRUE
2549-swap-1	FALSE	TRUE
2549-swap-2	FALSE	TRUE
2551	TRUE	FALSE
2551-control	TRUE	FALSE
2551-swap-1	TRUE	FALSE
2551-swap-2	TRUE	FALSE
2564	TRUE	FALSE
2564-control	TRUE	FALSE
2564-swap-1	TRUE	FALSE
2564-swap-2	TRUE	FALSE
2565	TRUE	FALSE
2565-control	TRUE	FALSE
2565-swap-1	TRUE	FALSE
2565-swap-2	TRUE	FALSE
2572	TRUE	FALSE
2572-control	TRUE	FALSE
2572-swap-1	TRUE	FALSE
2572-swap-2	TRUE	FALSE
2574	FALSE	TRUE
2574-control	FALSE	TRUE
2574-swap-1	FALSE	TRUE
2574-swap-2	FALSE	TRUE
2575	TRUE	FALSE
2575-control	TRUE	FALSE
2575-swap-1	TRUE	FALSE
2575-swap-2	TRUE	FALSE
2577	FALSE	TRUE
2577-control	FALSE	TRUE
2577-swap-1	FALSE	TRUE
2577-swap-2	FALSE	TRUE
2578	FALSE	TRUE
2578-control	FALSE	TRUE
2578-swap-1	FALSE	TRUE
2578-swap-2	FALSE	TRUE
2582	FALSE	FALSE
2582-control	FALSE	FALSE
2582-swap-1	FALSE	FALSE
2582-swap-2	FALSE	FALSE
2585	FALSE	TRUE
2585-control	FALSE	TRUE
2585-swap-1	FALSE	TRUE
2585-swap-2	FALSE	TRUE
2586	FALSE	TRUE
2586-control	FALSE	TRUE
2586-swap-1	FALSE	TRUE
2586-swap-2	FALSE	TRUE
2588	TRUE	FALSE
2588-control	TRUE	FALSE
2588-swap-1	TRUE	FALSE
2588-swap-2	TRUE	FALSE
2589	TRUE	FALSE
2589-control	TRUE	FALSE
2589-swap-1	TRUE	FALSE
2589-swap-2	TRUE	FALSE
2592	FALSE	TRUE
2592-control	FALSE	TRUE
2592-swap-1	FALSE	TRUE
2592-swap-2	FALSE	TRUE
2603	FALSE	TRUE
2603-control	FALSE	TRUE
2603-swap-1	FALSE	TRUE
2603-swap-2	FALSE	TRUE
2604	FALSE	TRUE
2604-control	FALSE	TRUE
2604-swap-1	FALSE	TRUE
2604-swap-2	FALSE	TRUE
2605	FALSE	TRUE
2605-control	FALSE	TRUE
2605-swap-1	FALSE	TRUE
2605-swap-2	FALSE	TRUE
2606	FALSE	TRUE
2606-control	FALSE	TRUE
2606-swap-1	FALSE	TRUE
2606-swap-2	FALSE	TRUE
2609	FALSE	FALSE
2609-control	FALSE	FALSE
2609-swap-1	FALSE	FALSE
2609-swap-2	FALSE	FALSE
2613	FALSE	TRUE
2613-control	TRUE	TRUE
2613-swap-1	FALSE	TRUE
2613-swap-2	FALSE	TRUE
2618	FALSE	FALSE
2618-control	FALSE	FALSE
2618-swap-1	FALSE	FALSE
2618-swap-2	FALSE	FALSE
2620	FALSE	TRUE
2620-control	FALSE	TRUE
2620-swap-1	FALSE	TRUE
2620-swap-2	FALSE	TRUE
2625	FALSE	FALSE
2625-control	FALSE	FALSE
2625-swap-1	FALSE	FALSE
2625-swap-2	FALSE	FALSE
2626	FALSE	TRUE
2626-control	FALSE	TRUE
2626-swap-1	FALSE	TRUE
2626-swap-2	FALSE	TRUE
2627	TRUE	TRUE
2627-control	TRUE	TRUE
2627-swap-1	TRUE	TRUE
2627-swap-2	TRUE	TRUE
2633	FALSE	FALSE
2633-control	FALSE	FALSE
2633-swap-1	FALSE	FALSE
2633-swap-2	FALSE	FALSE
2634	TRUE	FALSE
2634-control	TRUE	FALSE
2634-swap-1	TRUE	FALSE
2634-swap-2	TRUE	FALSE
2635	FALSE	FALSE
2635-control	FALSE	FALSE
2635-swap-1	FALSE	FALSE
2635-swap-2	FALSE	FALSE
2636	TRUE	FALSE
2636-control	TRUE	FALSE
2636-swap-1	TRUE	FALSE
2636-swap-2	TRUE	FALSE
2638	TRUE	FALSE
2638-control	TRUE	FALSE
2638-swap-1	TRUE	FALSE
2638-swap-2	TRUE	FALSE
2639	TRUE	FALSE
2639-control	TRUE	FALSE
2639-swap-1	TRUE	FALSE
2639-swap-2	TRUE	FALSE
2640	TRUE	FALSE
2640-control	TRUE	FALSE
2640-swap-1	TRUE	FALSE
2640-swap-2	TRUE	FALSE
2641	FALSE	TRUE
2641-control	FALSE	TRUE
2641-swap-1	FALSE	TRUE
2641-swap-2	FALSE	TRUE
2642	FALSE	TRUE
2642-control	FALSE	TRUE
2642-swap-1	FALSE	TRUE
2642-swap-2	FALSE	TRUE
2644	TRUE	FALSE
2644-control	TRUE	FALSE
2644-swap-1	TRUE	FALSE
2644-swap-2	TRUE	FALSE
2647	TRUE	FALSE
2647-control	FALSE	TRUE
2647-swap-1	FALSE	FALSE
2647-swap-2	FALSE	TRUE
2651	TRUE	FALSE
2651-control	TRUE	FALSE
2651-swap-1	TRUE	FALSE
2651-swap-2	TRUE	FALSE
2652	TRUE	FALSE
2652-control	TRUE	FALSE
2652-swap-1	TRUE	FALSE
2652-swap-2	TRUE	FALSE
2653	TRUE	FALSE
2653-control	TRUE	FALSE
2653-swap-1	TRUE	FALSE
2653-swap-2	TRUE	FALSE
2655	FALSE	FALSE
2655-control	FALSE	FALSE
2655-swap-1	FALSE	FALSE
2655-swap-2	FALSE	FALSE
2657	FALSE	TRUE
2657-control	FALSE	TRUE
2657-swap-1	FALSE	TRUE
2657-swap-2	FALSE	TRUE
2659	FALSE	TRUE
2659-control	FALSE	TRUE
2659-swap-1	FALSE	TRUE
2659-swap-2	FALSE	TRUE
2662	FALSE	TRUE
2662-control	FALSE	TRUE
2662-swap-1	FALSE	TRUE
2662-swap-2	FALSE	TRUE
2664	FALSE	FALSE
2664-control	FALSE	FALSE
2664-swap-1	FALSE	FALSE
2664-swap-2	FALSE	FALSE
2665	FALSE	FALSE
2665-control	FALSE	FALSE
2665-swap-1	FALSE	FALSE
2665-swap-2	FALSE	FALSE
2668	FALSE	TRUE
2668-control	FALSE	TRUE
2668-swap-1	FALSE	TRUE
2668-swap-2	FALSE	TRUE
2669	FALSE	TRUE
2669-control	FALSE	TRUE
2669-swap-1	FALSE	TRUE
2669-swap-2	FALSE	TRUE
2670	FALSE	TRUE
2670-control	FALSE	TRUE
2670-swap-1	FALSE	TRUE
2670-swap-2	FALSE	TRUE
2671	FALSE	TRUE
2671-control	FALSE	TRUE
2671-swap-1	FALSE	TRUE
2671-swap-2	FALSE	TRUE
2672	FALSE	FALSE
2672-control	FALSE	FALSE
2672-swap-1	FALSE	FALSE
2672-swap-2	FALSE	FALSE
2673	FALSE	TRUE
2673-control	FALSE	TRUE
2673-swap-1	FALSE	TRUE
2673-swap-2	FALSE	TRUE
2674	FALSE	TRUE
2674-control	FALSE	TRUE
2674-swap-1	FALSE	TRUE
2674-swap-2	FALSE	TRUE
2675	FALSE	TRUE
2675-control	FALSE	TRUE
2675-swap-1	FALSE	TRUE
2675-swap-2	FALSE	TRUE
2676	FALSE	TRUE
2676-control	FALSE	TRUE
2676-swap-1	FALSE	TRUE
2676-swap-2	FALSE	TRUE
2677	FALSE	FALSE
2677-control	FALSE	FALSE
2677-swap-1	FALSE	FALSE
2677-swap-2	FALSE	FALSE
2680	FALSE	TRUE
2680-control	FALSE	TRUE
2680-swap-1	FALSE	TRUE
2680-swap-2	FALSE	TRUE
2681	FALSE	TRUE
2681-control	FALSE	TRUE
2681-swap-1	FALSE	TRUE
2681-swap-2	FALSE	TRUE
2685	FALSE	FALSE
2685-control	FALSE	FALSE
2685-swap-1	FALSE	FALSE
2685-swap-2	FALSE	FALSE
2686	FALSE	FALSE
2686-control	FALSE	FALSE
2686-swap-1	FALSE	FALSE
2686-swap-2	FALSE	FALSE
2687	FALSE	FALSE
2687-control	FALSE	FALSE
2687-swap-1	FALSE	FALSE
2687-swap-2	FALSE	FALSE
2688	FALSE	TRUE
2688-control	FALSE	TRUE
2688-swap-1	FALSE	TRUE
2688-swap-2	FALSE	TRUE
2689	TRUE	FALSE
2689-control	FALSE	TRUE
2689-swap-1	FALSE	TRUE
2689-swap-2	FALSE	TRUE
2690	TRUE	TRUE
2690-control	TRUE	TRUE
2690-swap-1	TRUE	TRUE
2690-swap-2	TRUE	TRUE
2691	FALSE	TRUE
2691-control	FALSE	TRUE
2691-swap-1	FALSE	TRUE
2691-swap-2	FALSE	TRUE
2692	FALSE	TRUE
2692-control	FALSE	TRUE
2692-swap-1	FALSE	TRUE
2692-swap-2	FALSE	TRUE
2694	FALSE	TRUE
2694-control	TRUE	TRUE
2694-swap-1	FALSE	TRUE
2694-swap-2	FALSE	TRUE
2695	FALSE	TRUE
2695-control	FALSE	TRUE
2695-swap-1	FALSE	TRUE
2695-swap-2	FALSE	TRUE
2700	TRUE	FALSE
2700-control	TRUE	FALSE
2700-swap-1	FALSE	FALSE
2700-swap-2	TRUE	FALSE
2701	FALSE	TRUE
2701-control	FALSE	TRUE
2701-swap-1	FALSE	TRUE
2701-swap-2	FALSE	TRUE
2702	FALSE	TRUE
2702-control	FALSE	TRUE
2702-swap-1	FALSE	TRUE
2702-swap-2	FALSE	TRUE
2703	FALSE	TRUE
2703-control	FALSE	TRUE
2703-swap-1	FALSE	TRUE
2703-swap-2	FALSE	TRUE
2704	TRUE	FALSE
2704-control	TRUE	FALSE
2704-swap-1	TRUE	FALSE
2704-swap-2	TRUE	FALSE
2705	TRUE	FALSE
2705-control	TRUE	FALSE
2705-swap-1	TRUE	FALSE
2705-swap-2	TRUE	FALSE
2706	FALSE	TRUE
2706-control	FALSE	TRUE
2706-swap-1	FALSE	TRUE
2706-swap-2	TRUE	TRUE
2708	TRUE	FALSE
2708-control	TRUE	FALSE
2708-swap-1	TRUE	FALSE
2708-swap-2	TRUE	FALSE
2715	TRUE	FALSE
2715-control	TRUE	FALSE
2715-swap-1	TRUE	FALSE
2715-swap-2	TRUE	FALSE
2716	TRUE	FALSE
2716-control	TRUE	FALSE
2716-swap-1	TRUE	FALSE
2716-swap-2	TRUE	FALSE
2717	FALSE	TRUE
2717-control	FALSE	TRUE
2717-swap-1	FALSE	TRUE
2717-swap-2	FALSE	TRUE
2720	TRUE	FALSE
2720-control	TRUE	FALSE
2720-swap-1	TRUE	FALSE
2720-swap-2	TRUE	FALSE
2731	TRUE	FALSE
2731-control	TRUE	FALSE
2731-swap-1	TRUE	FALSE
2731-swap-2	TRUE	FALSE
2732	FALSE	FALSE
2732-control	FALSE	FALSE
2732-swap-1	FALSE	FALSE
2732-swap-2	FALSE	FALSE
2734	FALSE	TRUE
2734-control	FALSE	TRUE
2734-swap-1	FALSE	TRUE
2734-swap-2	FALSE	TRUE
2735	FALSE	TRUE
2735-control	FALSE	TRUE
2735-swap-1	FALSE	TRUE
2735-swap-2	FALSE	TRUE
2738	TRUE	FALSE
2738-control	TRUE	FALSE
2738-swap-1	FALSE	TRUE
2738-swap-2	TRUE	FALSE
2741	TRUE	FALSE
2741-control	TRUE	FALSE
2741-swap-1	TRUE	FALSE
2741-swap-2	TRUE	FALSE
2743	TRUE	FALSE
2743-control	TRUE	FALSE
2743-swap-1	TRUE	FALSE
2743-swap-2	TRUE	FALSE
2744	FALSE	TRUE
2744-control	TRUE	TRUE
2744-swap-1	FALSE	TRUE
2744-swap-2	FALSE	TRUE
2748	FALSE	TRUE
2748-control	FALSE	TRUE
2748-swap-1	FALSE	TRUE
2748-swap-2	FALSE	TRUE
2749	FALSE	TRUE
2749-control	FALSE	TRUE
2749-swap-1	FALSE	TRUE
2749-swap-2	FALSE	TRUE
2751	FALSE	FALSE
2751-control	FALSE	FALSE
2751-swap-1	FALSE	FALSE
2751-swap-2	FALSE	FALSE
2753	FALSE	TRUE
2753-control	FALSE	TRUE
2753-swap-1	FALSE	TRUE
2753-swap-2	FALSE	TRUE
2754	FALSE	TRUE
2754-control	FALSE	TRUE
2754-swap-1	FALSE	TRUE
2754-swap-2	FALSE	TRUE
2755	FALSE	FALSE
2755-control	FALSE	FALSE
2755-swap-1	FALSE	FALSE
2755-swap-2	FALSE	FALSE
2757	FALSE	TRUE
2757-control	FALSE	TRUE
2757-swap-1	FALSE	TRUE
2757-swap-2	FALSE	TRUE
2759	FALSE	TRUE
2759-control	FALSE	TRUE
2759-swap-1	FALSE	TRUE
2759-swap-2	FALSE	TRUE
2760	FALSE	TRUE
2760-control	FALSE	TRUE
2760-swap-1	FALSE	TRUE
2760-swap-2	FALSE	TRUE
2764	TRUE	FALSE
2764-control	TRUE	FALSE
2764-swap-1	TRUE	FALSE
2764-swap-2	TRUE	FALSE
2765	FALSE	TRUE
2765-control	FALSE	TRUE
2765-swap-1	FALSE	TRUE
2765-swap-2	FALSE	TRUE
2768	FALSE	TRUE
2768-control	TRUE	TRUE
2768-swap-1	FALSE	TRUE
2768-swap-2	FALSE	TRUE
2770	FALSE	FALSE
2770-control	FALSE	FALSE
2770-swap-1	FALSE	FALSE
2770-swap-2	FALSE	FALSE
2771	FALSE	FALSE
2771-control	FALSE	FALSE
2771-swap-1	FALSE	FALSE
2771-swap-2	FALSE	FALSE
2775	TRUE	FALSE
2775-control	TRUE	FALSE
2775-swap-1	TRUE	FALSE
2775-swap-2	TRUE	FALSE
2779	TRUE	TRUE
2779-control	TRUE	TRUE
2779-swap-1	FALSE	TRUE
2779-swap-2	TRUE	FALSE
2783	FALSE	TRUE
2783-control	FALSE	TRUE
2783-swap-1	FALSE	TRUE
2783-swap-2	FALSE	FALSE
2785	FALSE	TRUE
2785-control	FALSE	TRUE
2785-swap-1	FALSE	TRUE
2785-swap-2	FALSE	TRUE
2786	FALSE	TRUE
2786-control	FALSE	TRUE
2786-swap-1	FALSE	TRUE
2786-swap-2	FALSE	TRUE
2788	FALSE	TRUE
2788-control	FALSE	TRUE
2788-swap-1	FALSE	TRUE
2788-swap-2	FALSE	TRUE
2789	FALSE	TRUE
2789-control	FALSE	TRUE
2789-swap-1	FALSE	TRUE
2789-swap-2	FALSE	TRUE
2791	FALSE	TRUE
2791-control	FALSE	TRUE
2791-swap-1	FALSE	TRUE
2791-swap-2	FALSE	TRUE
2792	FALSE	TRUE
2792-control	FALSE	TRUE
2792-swap-1	FALSE	TRUE
2792-swap-2	FALSE	TRUE
2793	FALSE	TRUE
2793-control	FALSE	TRUE
2793-swap-1	FALSE	TRUE
2793-swap-2	FALSE	TRUE
2795	FALSE	FALSE
2795-control	FALSE	FALSE
2795-swap-1	FALSE	FALSE
2795-swap-2	FALSE	FALSE
2797	FALSE	TRUE
2797-control	FALSE	TRUE
2797-swap-1	FALSE	TRUE
2797-swap-2	FALSE	TRUE
2799	TRUE	TRUE
2799-control	TRUE	TRUE
2799-swap-1	TRUE	TRUE
2799-swap-2	TRUE	TRUE